 , B1.genotype, B1.batch, B1.cycle, B1.day, B1.hour, B1.time_start, B1.ID.new, B1.behaviour, B1.with.who 
 3318, KO, B1, Dark phase,24,19, 19:22:25, M4, 0, M1 
 3319, KO, B1, Dark phase,24,19, 19:22:25, M1, 0, M4 
 3320, KO, B1, Dark phase,24,19, 19:22:25, M3, 0, M1 
 3321, KO, B1, Dark phase,24,19, 19:22:31, M3, 0, M1 
 3327, KO, B1, Dark phase,24,19, 19:32:25, M1, AFFI, M3 
 3328, KO, B1, Dark phase,24,19, 19:32:25, M3, AFFI, M4 
 3329, KO, B1, Dark phase,24,19, 19:32:25, M4, AFFI, M1 
 3330, KO, B1, Dark phase,24,19, 19:42:25, M1, 0, M3 
 3331, KO, B1, Dark phase,24,19, 19:42:25, M3, 0, M1 
 3340, KO, B1, Dark phase,24,19, 19:52:34, M3, 0, M1 
 3341, KO, B1, Dark phase,24,19, 19:52:38, M3, 0, M1 
 3343, KO, B1, Dark phase,24,19, 19:52:36, M1, 0, M4 
 3348, KO, B1, Dark phase,24,19, 19:52:35, M4, 0, M1 
 3352, KO, B1, Dark phase,24,20, 20:02:25, M2, 0, M1 
 3356, KO, B1, Dark phase,24,20, 20:02:30, M4, 0, M3 
 3358, KO, B1, Dark phase,24,20, 20:02:25, M1, 0, M2 
 3359, KO, B1, Dark phase,24,20, 20:02:38, M1, AGGRO, M3 
 3361, KO, B1, Dark phase,24,20, 20:02:46, M1, AGGRO, M2 
 3365, KO, B1, Dark phase,24,20, 20:12:38, M1, STR.F, M2 
 3368, KO, B1, Dark phase,24,20, 20:12:29, M3, STR.F, M2 
 3369, KO, B1, Dark phase,24,20, 20:12:25, M4, STR.F, M4 
 3370, KO, B1, Dark phase,24,20, 20:12:25, M2, STR.F, M2 
 3373, KO, B1, Dark phase,24,20, 20:22:41, M2, 0, M1 
 3374, KO, B1, Dark phase,24,20, 20:22:25, M3, 0, M1 
 3376, KO, B1, Dark phase,24,20, 20:22:25, M1, 0, M3 
 3378, KO, B1, Dark phase,24,20, 20:22:41, M1, 0, M2 
 3380, KO, B1, Dark phase,24,20, 20:32:37, M3, 0, M1 
 3382, KO, B1, Dark phase,24,20, 20:32:50, M3, 0, M2 
 3383, KO, B1, Dark phase,24,20, 20:32:25, M4, 0, M3 
 3387, KO, B1, Dark phase,24,20, 20:32:38, M2, 0, M3 
 3389, KO, B1, Dark phase,24,20, 20:32:50, M2, 0, M3 
 3391, KO, B1, Dark phase,24,20, 20:32:29, M1, 0, M3 
 3400, KO, B1, Dark phase,24,20, 20:42:39, M1, AGGRO, M4 
 3404, KO, B1, Dark phase,24,20, 20:42:25, M3, 0, M2 
 3406, KO, B1, Dark phase,24,20, 20:42:25, M2, 0, M3 
 3411, KO, B1, Dark phase,24,20, 20:52:35, M1, 0, M2 
 3413, KO, B1, Dark phase,24,20, 20:52:49, M1, 0, M4 
 3415, KO, B1, Dark phase,24,20, 20:52:41, M2, 0, M4 
 3420, KO, B1, Dark phase,24,20, 20:52:40, M4, 0, M1 
 3423, KO, B1, Dark phase,24,21, 21:02:50, M1, 0, M2 
 3425, KO, B1, Dark phase,24,21, 21:02:47, M2, 0, M1 
 3427, KO, B1, Dark phase,24,21, 21:02:46, M4, 0, M1 
 3431, KO, B1, Dark phase,24,21, 21:12:42, M2, STR.G, M3 
 3433, KO, B1, Dark phase,24,21, 21:12:30, M4, AGGRO, M2 
 3435, KO, B1, Dark phase,24,21, 21:12:25, M3, 0, M1 
 3436, KO, B1, Dark phase,24,21, 21:12:40, M3, STR.G, M2 
 3437, KO, B1, Dark phase,24,21, 21:12:25, M1, 0, M3 
 3438, KO, B1, Dark phase,24,21, 21:12:30, M1, STR.G, M3 
 3439, KO, B1, Dark phase,24,21, 21:12:35, M1, 0, M3 
 3440, KO, B1, Dark phase,24,21, 21:12:40, M1, STR.G, M3 
 3441, KO, B1, Dark phase,24,21, 21:12:51, M1, STR.G, M3 
 3447, KO, B1, Dark phase,24,21, 21:22:25, M2, 0, M4 
 3448, KO, B1, Dark phase,24,21, 21:22:29, M2, 0, M4 
 3450, KO, B1, Dark phase,24,21, 21:22:42, M2, 0, M4 
 3453, KO, B1, Dark phase,24,21, 21:22:29, M4, 0, M2 
 3455, KO, B1, Dark phase,24,21, 21:22:42, M4, 0, M2 
 3456, KO, B1, Dark phase,24,21, 21:22:46, M4, 0, M1 
 3460, KO, B1, Dark phase,24,21, 21:22:48, M1, 0, M4 
 3461, KO, B1, Dark phase,24,21, 21:32:24, M3, STR.F, M4 
 3462, KO, B1, Dark phase,24,21, 21:32:24, M4, STR.F, M3 
 3467, KO, B1, Dark phase,24,21, 21:32:39, M2, 0, M4 
 3469, KO, B1, Dark phase,24,21, 21:42:25, M1, 0, M2 
 3472, KO, B1, Dark phase,24,21, 21:42:42, M1, 0, M2 
 3473, KO, B1, Dark phase,24,21, 21:42:25, M3, 0, M1 
 3476, KO, B1, Dark phase,24,21, 21:42:50, M3, 0, M1 
 3477, KO, B1, Dark phase,24,21, 21:42:25, M2, 0, M3 
 3478, KO, B1, Dark phase,24,21, 21:42:31, M2, 0, M4 
 3479, KO, B1, Dark phase,24,21, 21:42:38, M2, 0, M4 
 3481, KO, B1, Dark phase,24,21, 21:42:32, M4, 0, M1 
 3483, KO, B1, Dark phase,24,21, 21:52:39, M3, 0, M1 
 3486, KO, B1, Dark phase,24,21, 21:52:25, M4, 0, M1 
 3488, KO, B1, Dark phase,24,21, 21:52:25, M1, 0, M4 
 3491, KO, B1, Dark phase,24,21, 21:52:35, M1, 0, M3 
 3498, KO, B1, Dark phase,24,22, 22:02:25, M2, 0, M4 
 3499, KO, B1, Dark phase,24,22, 22:02:38, M2, 0, M3 
 3503, KO, B1, Dark phase,24,22, 22:02:25, M3, 0, M1 
 3505, KO, B1, Dark phase,24,22, 22:02:25, M4, 0, M1 
 3511, KO, B1, Dark phase,24,22, 22:12:47, M3, 0, M2 
 3514, KO, B1, Dark phase,24,22, 22:12:40, M2, 0, M1 
 3517, KO, B1, Dark phase,24,22, 22:12:40, M1, 0, M2 
 3519, KO, B1, Dark phase,24,22, 22:22:25, M4, 0, M1 
 3521, KO, B1, Dark phase,24,22, 22:22:43, M4, 0, M1 
 3522, KO, B1, Dark phase,24,22, 22:22:25, M1, 0, M4 
 3524, KO, B1, Dark phase,24,22, 22:22:43, M1, 0, M4 
 3527, KO, B1, Dark phase,24,22, 22:32:25, M2, AFFI, M4 
 3529, KO, B1, Dark phase,24,22, 22:32:25, M4, AFFI, M2 
 3540, KO, B1, Dark phase,24,22, 22:52:25, M2, 0, M4 
 3542, KO, B1, Dark phase,24,22, 22:52:47, M2, 0, M1 
 3543, KO, B1, Dark phase,24,22, 22:52:25, M4, STR.F, M1 
 3544, KO, B1, Dark phase,24,22, 22:52:25, M1, STR.F, M4 
 3546, KO, B1, Dark phase,24,23, 23:02:29, M1, AGGRO, M4 
 3548, KO, B1, Dark phase,24,23, 23:02:36, M1, 0, M2 
 3551, KO, B1, Dark phase,24,23, 23:02:29, M4, AGGRO, M1 
 3554, KO, B1, Dark phase,24,23, 23:02:36, M2, 0, M1 
 3556, KO, B1, Light phase,25,7, 07:02:31, M1, 0, M2 
 3559, KO, B1, Light phase,25,7, 07:02:27, M2, AFFI, M3 
 3560, KO, B1, Light phase,25,7, 07:02:27, M3, AFFI, M2 
 3561, KO, B1, Light phase,25,7, 07:12:27, M2, 0, M1 
 3564, KO, B1, Light phase,25,7, 07:12:33, M3, 0, M4 
 3565, KO, B1, Light phase,25,7, 07:12:40, M3, 0, M4 
 3566, KO, B1, Light phase,25,7, 07:12:44, M3, 0, M4 
 3567, KO, B1, Light phase,25,7, 07:12:27, M1, 0, M4 
 3568, KO, B1, Light phase,25,7, 07:12:33, M1, 0, M4 
 3569, KO, B1, Light phase,25,7, 07:12:40, M1, 0, M4 
 3570, KO, B1, Light phase,25,7, 07:12:44, M1, 0, M4 
 3571, KO, B1, Light phase,25,7, 07:12:27, M4, 0, M1 
 3572, KO, B1, Light phase,25,7, 07:22:27, M3, 0, M2 
 3573, KO, B1, Light phase,25,7, 07:22:27, M1, 0, M2 
 3574, KO, B1, Light phase,25,7, 07:22:37, M1, 0, M4 
 3575, KO, B1, Light phase,25,7, 07:22:42, M1, 0, M4 
 3576, KO, B1, Light phase,25,7, 07:22:50, M1, 0, M4 
 3577, KO, B1, Light phase,25,7, 07:22:27, M2, 0, M3 
 3578, KO, B1, Light phase,25,7, 07:22:42, M2, 0, M3 
 3580, KO, B1, Light phase,25,7, 07:22:41, M4, 0, M1 
 3581, KO, B1, Light phase,25,7, 07:22:50, M4, 0, M1 
 3582, KO, B1, Light phase,25,7, 07:32:27, M3, STR.G, M1 
 3583, KO, B1, Light phase,25,7, 07:32:36, M3, AFFI, M2 
 3584, KO, B1, Light phase,25,7, 07:32:27, M2, STR.G, M1 
 3585, KO, B1, Light phase,25,7, 07:32:36, M2, AFFI, M3 
 3586, KO, B1, Light phase,25,7, 07:32:27, M4, 0, M1 
 3587, KO, B1, Light phase,25,7, 07:32:34, M4, AFFI, M2 
 3588, KO, B1, Light phase,25,7, 07:32:27, M1, 0, M2 
 3592, KO, B1, Light phase,25,7, 07:42:27, M1, 0, M4 
 3594, KO, B1, Light phase,25,7, 07:42:27, M4, AFFI, M2 
 3595, KO, B1, Light phase,25,7, 07:42:27, M2, AFFI, M4 
 3596, KO, B1, Light phase,25,7, 07:52:27, M3, 0, M1 
 3597, KO, B1, Light phase,25,7, 07:52:27, M4, 0, M1 
 3600, KO, B1, Light phase,25,7, 07:52:27, M2, AFFI, M1 
 3601, KO, B1, Light phase,25,7, 07:52:27, M1, AFFI, M2 
 3602, KO, B1, Light phase,25,8, 08:02:27, M3, 0, M1 
 3604, KO, B1, Light phase,25,8, 08:02:51, M3, 0, M1 
 3605, KO, B1, Light phase,25,8, 08:02:27, M4, 0, M1 
 3606, KO, B1, Light phase,25,8, 08:02:45, M4, 0, M1 
 3607, KO, B1, Light phase,25,8, 08:02:27, M2, AFFI, M1 
 3608, KO, B1, Light phase,25,8, 08:02:27, M1, AFFI, M2 
 3609, KO, B1, Light phase,25,8, 08:12:27, M2, AFFI, M4 
 3610, KO, B1, Light phase,25,8, 08:12:27, M4, AFFI, M2 
 3611, KO, B1, Light phase,25,8, 08:12:27, M3, STR.F, M1 
 3612, KO, B1, Light phase,25,8, 08:12:27, M1, STR.F, M3 
 3614, KO, B1, Light phase,25,8, 08:22:34, M4, 0, M1 
 3618, KO, B1, Light phase,25,8, 08:22:27, M2, AFFI, M1 
 3619, KO, B1, Light phase,25,8, 08:22:27, M1, AFFI, M2 
 3622, KO, B1, Light phase,25,8, 08:42:27, M2, 0, M3 
 3623, KO, B1, Light phase,25,8, 08:42:27, M1, AFFI, M2 
 3624, KO, B1, Light phase,25,8, 08:42:27, M3, AFFI, M1 
 3626, KO, B1, Light phase,25,8, 08:52:27, M2, 0, M3 
 3627, KO, B1, Light phase,25,8, 08:52:27, M3, 0, M2 
 3628, KO, B1, Light phase,25,8, 08:52:27, M1, 0, M3 
 3629, KO, B1, Light phase,25,9, 09:02:27, M4, 0, M2 
 3633, KO, B1, Light phase,25,9, 09:02:27, M2, 0, M4 
 3634, KO, B1, Light phase,25,9, 09:02:33, M2, 0, M1 
 3635, KO, B1, Light phase,25,9, 09:02:44, M2, 0, M1 
 3636, KO, B1, Light phase,25,9, 09:02:27, M1, 0, M3 
 3637, KO, B1, Light phase,25,9, 09:02:31, M1, 0, M2 
 3638, KO, B1, Light phase,25,9, 09:02:27, M3, 0, M2 
 3639, KO, B1, Light phase,25,9, 09:02:49, M3, 0, M2 
 3640, KO, B1, Light phase,25,9, 09:12:27, M1, 0, M2 
 3641, KO, B1, Light phase,25,9, 09:12:27, M2, AFFI, M3 
 3642, KO, B1, Light phase,25,9, 09:12:27, M3, AFFI, M2 
 3644, KO, B1, Light phase,25,9, 09:22:27, M2, 0, M4 
 3645, KO, B1, Light phase,25,9, 09:22:27, M4, 0, M4 
 3646, KO, B1, Light phase,25,9, 09:22:27, M3, 0, M3 
 3652, KO, B1, Light phase,25,9, 09:42:27, M3, 0, M4 
 3653, KO, B1, Light phase,25,9, 09:42:27, M2, AFFI, M3 
 3654, KO, B1, Light phase,25,9, 09:42:27, M4, 0, M3 
 3655, KO, B1, Light phase,25,9, 09:52:27, M1, 0, M2 
 3657, KO, B1, Light phase,25,9, 09:52:51, M1, 0, M2 
 3658, KO, B1, Light phase,25,9, 09:52:27, M2, 0, M3 
 3659, KO, B1, Light phase,25,9, 09:52:27, M3, 0, M1 
 3663, KO, B1, Light phase,25,10, 10:02:27, M3, 0, M1 
 3664, KO, B1, Light phase,25,10, 10:02:27, M1, AFFI, M4 
 3665, KO, B1, Light phase,25,10, 10:02:27, M4, AFFI, M1 
 3666, KO, B1, Light phase,25,10, 10:12:27, M3, AFFI, M4 
 3668, KO, B1, Light phase,25,10, 10:12:27, M4, AFFI, M1 
 3669, KO, B1, Light phase,25,10, 10:12:27, M1, AFFI, M4 
 3670, KO, B1, Light phase,25,10, 10:22:27, M2, 0, M1 
 3674, KO, B1, Light phase,25,10, 10:22:27, M1, AGGRO, M2 
 3675, KO, B1, Light phase,25,10, 10:22:36, M1, AFFI, M4 
 3676, KO, B1, Light phase,25,10, 10:22:27, M3, AFFI, M4 
 3677, KO, B1, Light phase,25,10, 10:22:27, M4, AFFI, M3 
 3679, KO, B1, Light phase,25,10, 10:32:27, M4, AFFI, M3 
 3680, KO, B1, Light phase,25,10, 10:32:27, M1, AFFI, M4 
 3681, KO, B1, Light phase,25,10, 10:32:27, M3, AFFI, M4 
 3682, KO, B1, Light phase,25,10, 10:42:27, M2, 0, M1 
 3683, KO, B1, Light phase,25,10, 10:42:27, M4, 0, M1 
 3684, KO, B1, Light phase,25,10, 10:42:27, M3, AFFI, M1 
 3685, KO, B1, Light phase,25,10, 10:42:27, M1, AFFI, M2 
 3690, KO, B1, Light phase,25,10, 10:52:27, M1, AFFI, M4 
 3691, KO, B1, Light phase,25,10, 10:52:27, M4, AFFI, M1 
 3692, KO, B1, Light phase,25,10, 10:52:27, M3, AFFI, M4 
 3693, KO, B1, Light phase,25,11, 11:02:27, M3, 0, M1 
 3699, KO, B1, Light phase,25,11, 11:02:27, M2, AFFI, M1 
 3700, KO, B1, Light phase,25,11, 11:02:27, M1, AFFI, M2 
 3701, KO, B1, Light phase,25,11, 11:02:27, M4, AFFI, M1 
 3702, KO, B1, Dark phase,25,19, 19:02:29, M2, 0, M1 
 3703, KO, B1, Dark phase,25,19, 19:02:29, M3, 0, M1 
 3704, KO, B1, Dark phase,25,19, 19:02:29, M1, 0, M2 
 3705, KO, B1, Dark phase,25,19, 19:02:29, M4, 0, M1 
 3707, KO, B1, Dark phase,25,19, 19:12:33, M1, 0, M3 
 3708, KO, B1, Dark phase,25,19, 19:12:50, M1, AGGRO, M2 
 3710, KO, B1, Dark phase,25,19, 19:12:29, M2, STR.F, M4 
 3713, KO, B1, Dark phase,25,19, 19:12:33, M3, 0, M1 
 3715, KO, B1, Dark phase,25,19, 19:12:29, M4, STR.F, M2 
 3718, KO, B1, Dark phase,25,19, 19:22:34, M3, 0, M1 
 3720, KO, B1, Dark phase,25,19, 19:22:52, M3, 0, M1 
 3721, KO, B1, Dark phase,25,19, 19:22:29, M1, STR.F, M4 
 3722, KO, B1, Dark phase,25,19, 19:22:34, M1, 0, M3 
 3724, KO, B1, Dark phase,25,19, 19:22:42, M1, 0, M4 
 3726, KO, B1, Dark phase,25,19, 19:22:52, M1, 0, M3 
 3727, KO, B1, Dark phase,25,19, 19:22:29, M2, 0, M1 
 3728, KO, B1, Dark phase,25,19, 19:22:37, M2, STR.F, M4 
 3729, KO, B1, Dark phase,25,19, 19:22:29, M4, 0, M1 
 3730, KO, B1, Dark phase,25,19, 19:22:37, M4, STR.F, M2 
 3732, KO, B1, Dark phase,25,19, 19:32:32, M1, AGGRO, M3 
 3733, KO, B1, Dark phase,25,19, 19:32:34, M1, AGGRO, M3 
 3735, KO, B1, Dark phase,25,19, 19:32:53, M1, 0, M4 
 3736, KO, B1, Dark phase,25,19, 19:32:29, M3, AGGRO, M4 
 3737, KO, B1, Dark phase,25,19, 19:32:34, M3, 0, M1 
 3741, KO, B1, Dark phase,25,19, 19:32:29, M4, 0, M3 
 3743, KO, B1, Dark phase,25,19, 19:32:53, M4, 0, M1 
 3748, KO, B1, Dark phase,25,19, 19:42:29, M1, 0, M4 
 3749, KO, B1, Dark phase,25,19, 19:42:34, M1, 0, M4 
 3752, KO, B1, Dark phase,25,19, 19:42:29, M4, 0, M1 
 3755, KO, B1, Dark phase,25,19, 19:42:52, M3, 0, M1 
 3756, KO, B1, Dark phase,25,19, 19:52:29, M3, STR.F, M1 
 3759, KO, B1, Dark phase,25,19, 19:52:50, M3, STR.F, M1 
 3760, KO, B1, Dark phase,25,19, 19:52:29, M4, STR.F, M1 
 3761, KO, B1, Dark phase,25,19, 19:52:29, M1, STR.F, M2 
 3762, KO, B1, Dark phase,25,19, 19:52:29, M2, STR.F, M1 
 3763, KO, B1, Dark phase,25,20, 20:02:29, M3, 0, M1 
 3765, KO, B1, Dark phase,25,20, 20:02:43, M3, 0, M1 
 3766, KO, B1, Dark phase,25,20, 20:02:29, M1, 0, M3 
 3768, KO, B1, Dark phase,25,20, 20:02:44, M1, 0, M3 
 3769, KO, B1, Dark phase,25,20, 20:02:29, M2, 0, M4 
 3770, KO, B1, Dark phase,25,20, 20:02:29, M4, 0, M2 
 3774, KO, B1, Dark phase,25,20, 20:12:29, M4, AFFI, M1 
 3775, KO, B1, Dark phase,25,20, 20:12:55, M4, 0, M1 
 3776, KO, B1, Dark phase,25,20, 20:12:29, M2, AFFI, M4 
 3777, KO, B1, Dark phase,25,20, 20:12:29, M1, 0, M4 
 3786, KO, B1, Dark phase,25,20, 20:22:41, M3, STR.F, M1 
 3788, KO, B1, Dark phase,25,20, 20:22:41, M1, 0, M3 
 3789, KO, B1, Dark phase,25,20, 20:32:29, M1, 0, M2 
 3791, KO, B1, Dark phase,25,20, 20:32:53, M1, STR.F, M4 
 3792, KO, B1, Dark phase,25,20, 20:32:29, M2, 0, M1 
 3793, KO, B1, Dark phase,25,20, 20:32:39, M2, 0, M1 
 3795, KO, B1, Dark phase,25,20, 20:32:29, M4, STR.F, M3 
 3796, KO, B1, Dark phase,25,20, 20:32:29, M3, STR.F, M4 
 3799, KO, B1, Dark phase,25,20, 20:42:41, M1, 0, M2 
 3802, KO, B1, Dark phase,25,20, 20:42:49, M1, AGGRO, M2 
 3805, KO, B1, Dark phase,25,20, 20:42:29, M2, 0, M4 
 3806, KO, B1, Dark phase,25,20, 20:42:40, M2, AGGRO, M1 
 3808, KO, B1, Dark phase,25,20, 20:42:44, M2, STR.F, M1 
 3809, KO, B1, Dark phase,25,20, 20:42:29, M3, STR.F, M1 
 3810, KO, B1, Dark phase,25,20, 20:42:29, M4, STR.F, M1 
 3822, KO, B1, Dark phase,25,20, 20:52:55, M2, 0, M3 
 3825, KO, B1, Dark phase,25,20, 20:52:47, M3, 0, M1 
 3829, KO, B1, Dark phase,25,21, 21:02:29, M3, 0, M1 
 3832, KO, B1, Dark phase,25,21, 21:02:29, M2, 0, M1 
 3834, KO, B1, Dark phase,25,21, 21:02:37, M2, AGGRO, M1 
 3835, KO, B1, Dark phase,25,21, 21:02:41, M2, AGGRO, M4 
 3837, KO, B1, Dark phase,25,21, 21:02:55, M2, AGGRO, M4 
 3839, KO, B1, Dark phase,25,21, 21:12:29, M1, AGGRO, M3 
 3840, KO, B1, Dark phase,25,21, 21:12:33, M1, AGGRO, M2 
 3841, KO, B1, Dark phase,25,21, 21:12:34, M1, 0, M3 
 3842, KO, B1, Dark phase,25,21, 21:12:36, M1, AGGRO, M2 
 3843, KO, B1, Dark phase,25,21, 21:12:37, M1, 0, M2 
 3846, KO, B1, Dark phase,25,21, 21:12:29, M3, 0, M1 
 3849, KO, B1, Dark phase,25,21, 21:12:33, M2, AGGRO, M1 
 3850, KO, B1, Dark phase,25,21, 21:12:34, M2, 0, M1 
 3851, KO, B1, Dark phase,25,21, 21:12:42, M2, 0, M4 
 3853, KO, B1, Dark phase,25,21, 21:12:42, M4, 0, M2 
 3856, KO, B1, Dark phase,25,21, 21:22:48, M1, AGGRO, M4 
 3858, KO, B1, Dark phase,25,21, 21:22:29, M2, 0, M3 
 3862, KO, B1, Dark phase,25,21, 21:22:29, M3, 0, M2 
 3870, KO, B1, Dark phase,25,21, 21:32:54, M1, AGGRO, M3 
 3871, KO, B1, Dark phase,25,21, 21:32:29, M3, 0, M4 
 3874, KO, B1, Dark phase,25,21, 21:32:29, M2, 0, M4 
 3876, KO, B1, Dark phase,25,21, 21:32:29, M4, 0, M2 
 3880, KO, B1, Dark phase,25,21, 21:42:42, M2, STR.F, M1 
 3881, KO, B1, Dark phase,25,21, 21:42:29, M4, STR.F, M1 
 3882, KO, B1, Dark phase,25,21, 21:42:29, M1, STR.F, M2 
 3883, KO, B1, Dark phase,25,21, 21:42:29, M3, STR.F, M1 
 3884, KO, B1, Dark phase,25,21, 21:52:29, M1, 0, M3 
 3887, KO, B1, Dark phase,25,21, 21:52:52, M1, AGGRO, M4 
 3889, KO, B1, Dark phase,25,21, 21:52:29, M4, AGGRO, M3 
 3891, KO, B1, Dark phase,25,21, 21:52:46, M4, 0, M3 
 3892, KO, B1, Dark phase,25,21, 21:52:49, M4, 0, M3 
 3896, KO, B1, Dark phase,25,21, 21:52:46, M3, AGGRO, M4 
 3898, KO, B1, Dark phase,25,21, 21:52:46, M3, AGGRO, M1 
 3900, KO, B1, Dark phase,25,21, 21:52:43, M2, 0, M1 
 3909, KO, B1, Dark phase,25,22, 22:02:29, M3, 0, M4 
 3910, KO, B1, Dark phase,25,22, 22:02:44, M3, 0, M1 
 3912, KO, B1, Dark phase,25,22, 22:02:29, M4, 0, M3 
 3914, KO, B1, Dark phase,25,22, 22:12:29, M4, 0, M3 
 3915, KO, B1, Dark phase,25,22, 22:12:33, M4, AGGRO, M3 
 3916, KO, B1, Dark phase,25,22, 22:12:37, M4, 0, M3 
 3917, KO, B1, Dark phase,25,22, 22:12:42, M4, AGGRO, M3 
 3918, KO, B1, Dark phase,25,22, 22:12:45, M4, 0, M2 
 3921, KO, B1, Dark phase,25,22, 22:12:29, M3, 0, M2 
 3922, KO, B1, Dark phase,25,22, 22:12:33, M3, 0, M4 
 3923, KO, B1, Dark phase,25,21, 21:12:36, M3, 0, M4 
 3936, KO, B1, Dark phase,25,22, 22:22:32, M2, 0, M4 
 3937, KO, B1, Dark phase,25,22, 22:22:47, M2, 0, M1 
 3938, KO, B1, Dark phase,25,22, 22:22:32, M4, 0, M2 
 3939, KO, B1, Dark phase,25,22, 22:22:47, M4, 0, M1 
 3945, KO, B1, Dark phase,25,22, 22:42:30, M3, 0, M1 
 3947, KO, B1, Dark phase,25,22, 22:42:30, M1, 0, M3 
 3948, KO, B1, Dark phase,25,22, 22:42:49, M1, 0, M4 
 3949, KO, B1, Dark phase,25,22, 22:42:52, M1, 0, M4 
 3951, KO, B1, Dark phase,25,22, 22:42:49, M4, 0, M1 
 3956, KO, B1, Dark phase,25,22, 22:52:30, M4, AFFI, M1 
 3957, KO, B1, Dark phase,25,22, 22:52:30, M1, AFFI, M4 
 3961, KO, B1, Dark phase,25,23, 23:02:30, M1, 0, M4 
 3962, KO, B1, Dark phase,25,23, 23:02:30, M4, 0, M1 
 3966, KO, B1, Light phase,26,7, 07:02:30, M1, 0, M2 
 3967, KO, B1, Light phase,26,7, 07:02:45, M1, 0, M2 
 3968, KO, B1, Light phase,26,7, 07:02:30, M3, 0, M1 
 3969, KO, B1, Light phase,26,7, 07:02:30, M2, 0, M3 
 3974, KO, B1, Light phase,26,7, 07:12:31, M1, 0, M3 
 3975, KO, B1, Light phase,26,7, 07:12:31, M3, AFFI, M1 
 3978, KO, B1, Light phase,26,7, 07:32:39, M2, 0, M3 
 3980, KO, B1, Light phase,26,7, 07:32:31, M1, AFFI, M3 
 3981, KO, B1, Light phase,26,7, 07:32:31, M3, AFFI, M1 
 3983, KO, B1, Light phase,26,7, 07:42:31, M4, 0, M1 
 3986, KO, B1, Light phase,26,7, 07:42:31, M3, 0, M1 
 3987, KO, B1, Light phase,26,7, 07:42:31, M1, 0, M3 
 3988, KO, B1, Light phase,26,7, 07:52:31, M3, 0, M1 
 3989, KO, B1, Light phase,26,7, 07:52:47, M3, 0, M1 
 3992, KO, B1, Light phase,26,7, 07:52:31, M1, 0, M2 
 3993, KO, B1, Light phase,26,7, 07:52:47, M1, 0, M2 
 3995, KO, B1, Light phase,26,7, 07:52:57, M1, 0, M2 
 3996, KO, B1, Light phase,26,7, 07:52:31, M4, 0, M1 
 3997, KO, B1, Light phase,26,7, 07:52:46, M4, 0, M2 
 3998, KO, B1, Light phase,26,7, 07:52:31, M2, 0, M1 
 3999, KO, B1, Light phase,26,7, 07:52:46, M2, 0, M4 
 4000, KO, B1, Light phase,26,8, 08:02:31, M1, 0, M2 
 4001, KO, B1, Light phase,26,8, 08:02:36, M1, 0, M2 
 4002, KO, B1, Light phase,26,8, 08:02:31, M4, 0, M1 
 4004, KO, B1, Light phase,26,8, 08:02:31, M3, 0, M1 
 4005, KO, B1, Light phase,26,8, 08:02:43, M3, 0, M1 
 4006, KO, B1, Light phase,26,8, 08:02:31, M2, 0, M1 
 4007, KO, B1, Light phase,26,8, 08:02:43, M2, 0, M3 
 4008, KO, B1, Light phase,26,8, 08:12:31, M1, AFFI, M2 
 4009, KO, B1, Light phase,26,8, 08:12:31, M2, AFFI, M1 
 4010, KO, B1, Light phase,26,8, 08:12:31, M4, AFFI, M1 
 4011, KO, B1, Light phase,26,8, 08:12:31, M3, AFFI, M1 
 4012, KO, B1, Light phase,26,8, 08:22:31, M1, AFFI, M2 
 4013, KO, B1, Light phase,26,8, 08:22:31, M2, AFFI, M1 
 4014, KO, B1, Light phase,26,8, 08:22:31, M4, AFFI, M1 
 4015, KO, B1, Light phase,26,8, 08:22:31, M3, AFFI, M1 
 4016, KO, B1, Light phase,26,8, 08:32:31, M1, AFFI, M2 
 4017, KO, B1, Light phase,26,8, 08:32:31, M2, AFFI, M1 
 4018, KO, B1, Light phase,26,8, 08:32:31, M4, AFFI, M1 
 4019, KO, B1, Light phase,26,8, 08:32:31, M3, AFFI, M1 
 4020, KO, B1, Light phase,26,8, 08:42:31, M1, AFFI, M2 
 4021, KO, B1, Light phase,26,8, 08:42:31, M2, AFFI, M1 
 4022, KO, B1, Light phase,26,8, 08:42:31, M4, AFFI, M1 
 4023, KO, B1, Light phase,26,8, 08:42:31, M3, AFFI, M1 
 4026, KO, B1, Light phase,26,9, 09:02:31, M4, AFFI, M3 
 4027, KO, B1, Light phase,26,9, 09:02:31, M3, AFFI, M4 
 4028, KO, B1, Light phase,26,9, 09:02:31, M1, AFFI, M3 
 4029, KO, B1, Light phase,26,9, 09:12:31, M2, 0, M1 
 4030, KO, B1, Light phase,26,9, 09:12:31, M3, AFFI, M1 
 4031, KO, B1, Light phase,26,9, 09:12:31, M1, AFFI, M2 
 4032, KO, B1, Light phase,26,9, 09:12:31, M4, AFFI, M1 
 4033, KO, B1, Light phase,26,9, 09:22:31, M2, AFFI, M1 
 4034, KO, B1, Light phase,26,9, 09:22:31, M3, AFFI, M1 
 4035, KO, B1, Light phase,26,9, 09:22:31, M1, AFFI, M2 
 4036, KO, B1, Light phase,26,9, 09:22:31, M4, AFFI, M1 
 4037, KO, B1, Light phase,26,9, 09:32:32, M3, AFFI, M1 
 4038, KO, B1, Light phase,26,9, 09:32:32, M1, AFFI, M2 
 4039, KO, B1, Light phase,26,9, 09:32:32, M4, AFFI, M1 
 4040, KO, B1, Light phase,26,9, 09:32:32, M2, AFFI, M1 
 4041, KO, B1, Light phase,26,9, 09:42:31, M4, 0, M1 
 4042, KO, B1, Light phase,26,9, 09:42:31, M3, AFFI, M1 
 4043, KO, B1, Light phase,26,9, 09:42:31, M1, AFFI, M2 
 4044, KO, B1, Light phase,26,9, 09:42:31, M2, AFFI, M1 
 4046, KO, B1, Light phase,26,9, 09:52:36, M4, 0, M1 
 4047, KO, B1, Light phase,26,9, 09:52:45, M4, AFFI, M1 
 4048, KO, B1, Light phase,26,9, 09:52:31, M3, AFFI, M1 
 4049, KO, B1, Light phase,26,9, 09:52:31, M1, AFFI, M2 
 4050, KO, B1, Light phase,26,9, 09:52:31, M2, AFFI, M1 
 4051, KO, B1, Light phase,26,10, 10:02:32, M4, AFFI, M1 
 4052, KO, B1, Light phase,26,10, 10:02:32, M3, AFFI, M1 
 4053, KO, B1, Light phase,26,10, 10:02:32, M1, AFFI, M2 
 4054, KO, B1, Light phase,26,10, 10:02:32, M2, AFFI, M1 
 4056, KO, B1, Light phase,26,10, 10:12:36, M3, AFFI, M1 
 4057, KO, B1, Light phase,26,10, 10:12:42, M3, 0, M1 
 4060, KO, B1, Light phase,26,10, 10:12:32, M2, AFFI, M1 
 4061, KO, B1, Light phase,26,10, 10:12:32, M1, AFFI, M2 
 4062, KO, B1, Light phase,26,10, 10:12:32, M4, AFFI, M1 
 4063, KO, B1, Light phase,26,10, 10:22:32, M1, AFFI, M2 
 4064, KO, B1, Light phase,26,10, 10:22:32, M3, AFFI, M1 
 4065, KO, B1, Light phase,26,10, 10:22:32, M2, AFFI, M1 
 4066, KO, B1, Light phase,26,10, 10:22:32, M4, 0, M1 
 4067, KO, B1, Light phase,26,10, 10:32:32, M3, AFFI, M1 
 4068, KO, B1, Light phase,26,10, 10:32:45, M3, 0, M1 
 4069, KO, B1, Light phase,26,10, 10:32:32, M1, AFFI, M2 
 4070, KO, B1, Light phase,26,10, 10:32:45, M1, 0, M2 
 4071, KO, B1, Light phase,26,10, 10:32:32, M2, AFFI, M1 
 4072, KO, B1, Light phase,26,10, 10:32:32, M4, AFFI, M1 
 4074, KO, B1, Light phase,26,10, 10:42:43, M1, 0, M2 
 4076, KO, B1, Light phase,26,10, 10:42:32, M3, AFFI, M1 
 4077, KO, B1, Light phase,26,10, 10:42:32, M4, AFFI, M1 
 4078, KO, B1, Light phase,26,10, 10:42:32, M2, AFFI, M1 
 4080, KO, B1, Light phase,26,11, 11:02:32, M4, AFFI, M1 
 4081, KO, B1, Light phase,26,11, 11:02:32, M1, AFFI, M2 
 4082, KO, B1, Light phase,26,11, 11:02:32, M2, AFFI, M1 
 4083, KO, B1, Light phase,26,11, 11:02:32, M3, AFFI, M1 
 4084, KO, B1, Light phase,26,19, 09:02:33, M4, AFFI, M1 
 4085, KO, B1, Light phase,26,19, 09:02:33, M1, AFFI, M2 
 4086, KO, B1, Light phase,26,19, 09:02:33, M2, AFFI, M1 
 4087, KO, B1, Light phase,26,19, 09:02:33, M3, AFFI, M1 
 4088, KO, B1, Dark phase,26,19, 19:12:33, M4, AFFI, M1 
 4089, KO, B1, Dark phase,26,19, 19:12:33, M1, AFFI, M2 
 4090, KO, B1, Dark phase,26,19, 19:12:33, M2, AFFI, M1 
 4091, KO, B1, Dark phase,26,19, 19:12:33, M3, 0, M1 
 4095, KO, B1, Dark phase,26,19, 19:22:33, M3, 0, M1 
 4096, KO, B1, Dark phase,26,19, 19:22:33, M1, 0, M4 
 4097, KO, B1, Dark phase,26,19, 19:22:33, M4, 0, M1 
 4098, KO, B1, Dark phase,26,19, 19:32:33, M2, 0, M4 
 4100, KO, B1, Dark phase,26,19, 19:32:56, M2, 0, M1 
 4102, KO, B1, Dark phase,26,19, 19:32:56, M1, 0, M2 
 4103, KO, B1, Dark phase,26,19, 19:32:33, M3, 0, M4 
 4104, KO, B1, Dark phase,26,19, 19:32:53, M3, 0, M4 
 4105, KO, B1, Dark phase,26,19, 19:32:33, M4, 0, M3 
 4113, KO, B1, Dark phase,26,19, 19:42:55, M2, 0, M1 
 4115, KO, B1, Dark phase,26,19, 19:42:33, M1, 0, M3 
 4116, KO, B1, Dark phase,26,19, 19:42:33, M3, 0, M1 
 4119, KO, B1, Dark phase,26,19, 19:52:48, M1, 0, M4 
 4120, KO, B1, Dark phase,26,19, 19:52:38, M2, 0, M3 
 4122, KO, B1, Dark phase,26,19, 19:52:38, M3, 0, M2 
 4125, KO, B1, Dark phase,26,19, 19:52:48, M4, 0, M1 
 4126, KO, B1, Dark phase,26,20, 20:02:33, M1, 0, M2 
 4129, KO, B1, Dark phase,26,20, 20:02:33, M2, 0, M1 
 4131, KO, B1, Dark phase,26,20, 20:02:33, M4, 0, M3 
 4132, KO, B1, Dark phase,26,20, 20:02:33, M3, 0, M4 
 4135, KO, B1, Dark phase,26,20, 20:12:48, M2, 0, M1 
 4138, KO, B1, Dark phase,26,20, 20:12:48, M1, 0, M2 
 4139, KO, B1, Dark phase,26,20, 20:12:54, M1, 0, M2 
 4141, KO, B1, Dark phase,26,20, 20:12:36, M4, 0, M3 
 4143, KO, B1, Dark phase,26,20, 20:12:36, M3, 0, M4 
 4144, KO, B1, Dark phase,26,20, 20:22:34, M1, 0, M3 
 4148, KO, B1, Dark phase,26,20, 20:22:57, M1, 0, M2 
 4149, KO, B1, Dark phase,26,20, 20:22:59, M1, 0, M3 
 4153, KO, B1, Dark phase,26,20, 20:22:57, M2, AGGRO, M1 
 4155, KO, B1, Dark phase,26,20, 20:22:34, M4, STR.F, M3 
 4157, KO, B1, Dark phase,26,20, 20:22:34, M3, STR.F, M4 
 4159, KO, B1, Dark phase,26,20, 20:32:34, M4, 0, M3 
 4160, KO, B1, Dark phase,26,20, 20:32:37, M4, AGGRO, M2 
 4161, KO, B1, Dark phase,26,20, 20:32:34, M2, AGGRO, M4 
 4162, KO, B1, Dark phase,26,20, 20:32:37, M2, 0, M4 
 4163, KO, B1, Dark phase,26,20, 20:32:34, M3, AGGRO, M4 
 4172, KO, B1, Dark phase,26,20, 20:42:34, M4, 0, M3 
 4173, KO, B1, Dark phase,26,20, 20:42:34, M3, 0, M4 
 4175, KO, B1, Dark phase,26,20, 20:42:38, M1, 0, M4 
 4177, KO, B1, Dark phase,26,20, 20:52:34, M1, 0, M2 
 4179, KO, B1, Dark phase,26,20, 20:52:50, M1, AGGRO, M2 
 4180, KO, B1, Dark phase,26,20, 20:52:51, M1, 0, M2 
 4181, KO, B1, Dark phase,26,20, 20:52:55, M1, AGGRO, M4 
 4183, KO, B1, Dark phase,26,20, 20:52:34, M2, 0, M1 
 4185, KO, B1, Dark phase,26,20, 20:52:44, M2, 0, M4 
 4187, KO, B1, Dark phase,26,20, 20:52:50, M2, AGGRO, M1 
 4188, KO, B1, Dark phase,26,20, 20:52:51, M2, 0, M2 
 4190, KO, B1, Dark phase,26,20, 20:52:59, M2, 0, M4 
 4193, KO, B1, Dark phase,26,20, 20:52:45, M4, AGGRO, M2 
 4195, KO, B1, Dark phase,26,20, 20:52:59, M4, 0, M2 
 4199, KO, B1, Dark phase,26,21, 21:02:34, M2, 0, M4 
 4201, KO, B1, Dark phase,26,21, 21:02:34, M4, 0, M2 
 4204, KO, B1, Dark phase,26,21, 21:12:48, M1, AGGRO, M4 
 4207, KO, B1, Dark phase,26,21, 21:12:42, M4, 0, M2 
 4208, KO, B1, Dark phase,26,21, 21:12:53, M4, STR.F, M2 
 4211, KO, B1, Dark phase,26,21, 21:12:42, M2, 0, M4 
 4212, KO, B1, Dark phase,26,21, 21:12:53, M2, STR.F, M4 
 4215, KO, B1, Dark phase,26,21, 21:22:34, M3, STR.F, M4 
 4217, KO, B1, Dark phase,26,21, 21:22:47, M3, AGGRO, M2 
 4218, KO, B1, Dark phase,26,21, 21:22:50, M3, 0, M2 
 4220, KO, B1, Dark phase,26,21, 21:22:59, M3, 0, M2 
 4222, KO, B1, Dark phase,26,21, 21:22:43, M2, 0, M1 
 4223, KO, B1, Dark phase,26,21, 21:22:48, M2, 0, M3 
 4224, KO, B1, Dark phase,26,21, 21:22:50, M2, 0, M3 
 4226, KO, B1, Dark phase,26,21, 21:22:34, M1, STR.F, M3 
 4227, KO, B1, Dark phase,26,21, 21:22:43, M1, AGGRO, M2 
 4228, KO, B1, Dark phase,26,21, 21:22:44, M1, 0, M2 
 4230, KO, B1, Dark phase,26,21, 21:32:34, M4, 0, M3 
 4232, KO, B1, Dark phase,26,21, 21:32:34, M3, 0, M4 
 4234, KO, B1, Dark phase,26,21, 21:32:34, M2, 0, M1 
 4235, KO, B1, Dark phase,26,21, 21:32:34, M1, 0, M2 
 4237, KO, B1, Dark phase,26,21, 21:42:34, M4, AFFI, M3 
 4238, KO, B1, Dark phase,26,21, 21:42:34, M3, AFFI, M4 
 4239, KO, B1, Dark phase,26,21, 21:42:34, M1, AFFI, M4 
 4241, KO, B1, Dark phase,26,21, 21:52:34, M4, 0, M2 
 4242, KO, B1, Dark phase,26,21, 21:52:34, M1, AFFI, M4 
 4243, KO, B1, Dark phase,26,21, 21:52:34, M2, AFFI, M4 
 4244, KO, B1, Dark phase,26,22, 22:02:34, M1, STR.G, M4 
 4245, KO, B1, Dark phase,26,22, 22:02:44, M1, 0, M4 
 4246, KO, B1, Dark phase,26,22, 22:02:34, M4, 0, M1 
 4247, KO, B1, Dark phase,26,22, 22:02:44, M4, 0, M1 
 4249, KO, B1, Dark phase,26,22, 22:02:51, M3, 0, M2 
 4251, KO, B1, Dark phase,26,22, 22:02:59, M3, 0, M2 
 4253, KO, B1, Dark phase,26,22, 22:02:51, M2, 0, M3 
 4255, KO, B1, Dark phase,26,22, 22:02:59, M2, 0, M3 
 4257, KO, B1, Dark phase,26,22, 22:12:34, M2, 0, M1 
 4258, KO, B1, Dark phase,26,22, 22:12:34, M3, 0, M1 
 4259, KO, B1, Dark phase,26,22, 22:12:34, M1, 0, M3 
 4261, KO, B1, Dark phase,26,22, 22:22:50, M2, 0, M3 
 4263, KO, B1, Dark phase,26,22, 22:22:50, M3, 0, M2 
 4268, KO, B1, Dark phase,26,22, 22:34:59, M3, STR.F, M2 
 4269, KO, B1, Dark phase,26,22, 22:32:34, M1, STR.F, M2 
 4270, KO, B1, Dark phase,26,22, 22:32:52, M1, 0, M4 
 4273, KO, B1, Dark phase,26,22, 22:32:52, M4, 0, M1 
 4275, KO, B1, Dark phase,26,22, 22:32:34, M2, STR.F, M1 
 4277, KO, B1, Dark phase,26,22, 22:33:00, M2, STR.F, M3 
 4282, KO, B1, Dark phase,26,22, 22:42:34, M4, 0, M3 
 4283, KO, B1, Dark phase,26,22, 22:42:34, M3, 0, M4 
 4284, KO, B1, Dark phase,26,22, 22:52:34, M2, 0, M1 
 4287, KO, B1, Dark phase,26,22, 22:52:34, M1, 0, M2 
 4290, KO, B1, Dark phase,26,22, 22:52:34, M4, 0, M1 
 4291, KO, B1, Dark phase,26,22, 22:52:39, M4, STR.F, M3 
 4293, KO, B1, Dark phase,26,22, 22:52:39, M3, STR.F, M4 
 4294, KO, B1, Dark phase,26,23, 23:02:34, M2, AGGRO, M4 
 4295, KO, B1, Dark phase,26,23, 23:03:41, M2, 0, M4 
 4296, KO, B1, Dark phase,26,23, 23:02:45, M2, AGGRO, M4 
 4297, KO, B1, Dark phase,26,23, 23:02:50, M2, AGGRO, M3 
 4298, KO, B1, Dark phase,26,23, 23:02:59, M2, AGGRO, M1 
 4300, KO, B1, Dark phase,26,23, 23:02:34, M4, 0, M2 
 4301, KO, B1, Dark phase,26,23, 23:03:41, M4, 0, M2 
 4303, KO, B1, Dark phase,26,23, 23:02:47, M3, 0, M1 
 4304, KO, B1, Dark phase,26,23, 23:02:52, M3, 0, M1 
 4305, KO, B1, Dark phase,26,23, 23:02:57, M3, 0, M1 
 4307, KO, B1, Dark phase,26,23, 23:02:44, M1, 0, M2 
 4308, KO, B1, Dark phase,26,23, 23:02:53, M1, AGGRO, M2 
 4309, KO, B1, Light phase,27,6, 06:02:35, M4, 0, M3 
 4310, KO, B1, Light phase,27,6, 06:02:35, M3, 0, M4 
 4311, KO, B1, Light phase,27,6, 06:02:56, M3, 0, M4 
 4312, KO, B1, Light phase,27,6, 06:02:35, M1, STR.F, M2 
 4313, KO, B1, Light phase,27,6, 06:03:00, M1, AGGRO, M3 
 4314, KO, B1, Light phase,27,6, 06:03:03, M1, 0, M2 
 4315, KO, B1, Light phase,27,6, 06:02:35, M2, STR.F, M1 
 4317, KO, B1, Light phase,27,6, 06:03:03, M2, 0, M1 
 4320, KO, B1, Light phase,27,6, 06:12:57, M4, AGGRO, M2 
 4321, KO, B1, Light phase,27,6, 06:12:58, M4, AGGRO, M2 
 4323, KO, B1, Light phase,27,6, 06:12:58, M2, 0, M4 
 4324, KO, B1, Light phase,27,6, 06:12:36, M1, AFFI, M3 
 4325, KO, B1, Light phase,27,6, 06:12:36, M3, AFFI, M1 
 4327, KO, B1, Light phase,27,6, 06:22:44, M2, 0, M1 
 4328, KO, B1, Light phase,27,6, 06:22:57, M2, 0, M1 
 4329, KO, B1, Light phase,27,6, 06:22:36, M3, 0, M1 
 4330, KO, B1, Light phase,27,6, 06:22:57, M3, 0, M1 
 4331, KO, B1, Light phase,27,6, 06:22:36, M1, 0, M2 
 4332, KO, B1, Light phase,27,6, 06:22:36, M4, 0, M1 
 4333, KO, B1, Light phase,27,6, 06:32:36, M1, AFFI, M2 
 4334, KO, B1, Light phase,27,6, 06:32:55, M1, 0, M2 
 4335, KO, B1, Light phase,27,6, 06:32:36, M2, AFFI, M1 
 4336, KO, B1, Light phase,27,6, 06:32:36, M4, AFFI, M1 
 4337, KO, B1, Light phase,27,6, 06:33:47, M4, 0, M1 
 4338, KO, B1, Light phase,27,6, 06:33:55, M4, STR.G, M1 
 4339, KO, B1, Light phase,27,6, 06:32:36, M3, AFFI, M1 
 4340, KO, B1, Light phase,27,6, 06:33:55, M3, STR.G, M1 
 4342, KO, B1, Light phase,27,6, 06:42:43, M4, 0, M1 
 4343, KO, B1, Light phase,27,6, 06:42:36, M1, AFFI, M2 
 4344, KO, B1, Light phase,27,6, 06:42:52, M1, 0, M2 
 4345, KO, B1, Light phase,27,6, 06:42:56, M1, AFFI, M2 
 4346, KO, B1, Light phase,27,6, 06:42:36, M3, 0, M1 
 4347, KO, B1, Light phase,27,6, 06:42:53, M3, 0, M1 
 4348, KO, B1, Light phase,27,6, 06:42:36, M2, AFFI, M1 
 4349, KO, B1, Light phase,27,6, 06:52:36, M3, AFFI, M1 
 4350, KO, B1, Light phase,27,6, 06:52:36, M2, AFFI, M1 
 4351, KO, B1, Light phase,27,6, 06:52:36, M4, AFFI, M1 
 4352, KO, B1, Light phase,27,6, 06:52:36, M1, AFFI, M2 
 4353, KO, B1, Light phase,27,7, 07:02:36, M2, 0, M1 
 4354, KO, B1, Light phase,27,7, 07:02:36, M1, AFFI, M2 
 4355, KO, B1, Light phase,27,7, 07:02:36, M3, AFFI, M1 
 4356, KO, B1, Light phase,27,7, 07:02:36, M4, AFFI, M1 
 4357, KO, B1, Light phase,27,7, 07:12:35, M2, 0, M1 
 4358, KO, B1, Light phase,27,7, 07:12:35, M1, AFFI, M2 
 4359, KO, B1, Light phase,27,7, 07:12:35, M3, AFFI, M1 
 4360, KO, B1, Light phase,27,7, 07:12:35, M4, AFFI, M1 
 4361, KO, B1, Light phase,27,7, 07:22:36, M2, AFFI, M1 
 4362, KO, B1, Light phase,27,7, 07:22:36, M1, AFFI, M2 
 4363, KO, B1, Light phase,27,7, 07:22:36, M3, AFFI, M1 
 4364, KO, B1, Light phase,27,7, 07:22:36, M4, AFFI, M1 
 4365, KO, B1, Light phase,27,7, 07:32:36, M2, AFFI, M1 
 4366, KO, B1, Light phase,27,7, 07:32:36, M1, AFFI, M2 
 4367, KO, B1, Light phase,27,7, 07:32:36, M3, AFFI, M1 
 4368, KO, B1, Light phase,27,7, 07:32:36, M4, AFFI, M1 
 4369, KO, B1, Light phase,27,7, 07:42:36, M2, AFFI, M1 
 4370, KO, B1, Light phase,27,7, 07:42:36, M1, AFFI, M2 
 4371, KO, B1, Light phase,27,7, 07:42:36, M3, AFFI, M1 
 4372, KO, B1, Light phase,27,7, 07:42:36, M4, AFFI, M1 
 4373, KO, B1, Light phase,27,7, 07:52:36, M2, AFFI, M1 
 4374, KO, B1, Light phase,27,7, 07:52:36, M1, AFFI, M2 
 4375, KO, B1, Light phase,27,7, 07:52:36, M3, AFFI, M1 
 4376, KO, B1, Light phase,27,7, 07:52:36, M4, AFFI, M1 
 4377, KO, B1, Light phase,27,8, 08:02:36, M2, AFFI, M1 
 4378, KO, B1, Light phase,27,8, 08:02:36, M1, AFFI, M2 
 4379, KO, B1, Light phase,27,8, 08:02:36, M3, AFFI, M1 
 4380, KO, B1, Light phase,27,8, 08:02:36, M4, AFFI, M1 
 4381, KO, B1, Light phase,27,8, 08:12:36, M2, AFFI, M1 
 4382, KO, B1, Light phase,27,8, 08:12:36, M1, AFFI, M2 
 4383, KO, B1, Light phase,27,8, 08:12:36, M3, AFFI, M1 
 4384, KO, B1, Light phase,27,8, 08:12:36, M4, AFFI, M1 
 4385, KO, B1, Light phase,27,8, 08:22:36, M2, AFFI, M1 
 4386, KO, B1, Light phase,27,8, 08:22:36, M1, AFFI, M2 
 4387, KO, B1, Light phase,27,8, 08:22:36, M3, AFFI, M1 
 4388, KO, B1, Light phase,27,8, 08:22:36, M4, AFFI, M1 
 4389, KO, B1, Light phase,27,8, 08:32:36, M2, AFFI, M1 
 4390, KO, B1, Light phase,27,8, 08:32:36, M1, AFFI, M2 
 4391, KO, B1, Light phase,27,8, 08:32:36, M3, AFFI, M1 
 4392, KO, B1, Light phase,27,8, 08:32:36, M4, AFFI, M1 
 4393, KO, B1, Light phase,27,8, 08:42:36, M3, AFFI, M1 
 4394, KO, B1, Light phase,27,8, 08:42:43, M3, 0, M1 
 4396, KO, B1, Light phase,27,8, 08:42:36, M1, 0, M2 
 4397, KO, B1, Light phase,27,8, 08:42:36, M4, 0, M1 
 4398, KO, B1, Light phase,27,8, 08:42:36, M2, 0, M1 
 4401, KO, B1, Light phase,27,8, 08:52:57, M1, 0, M2 
 4402, KO, B1, Light phase,27,8, 08:52:36, M3, AFFI, M4 
 4403, KO, B1, Light phase,27,8, 08:52:45, M3, 0, M4 
 4404, KO, B1, Light phase,27,8, 08:52:50, M3, AFFI, M1 
 4405, KO, B1, Light phase,27,8, 08:52:36, M2, AFFI, M1 
 4406, KO, B1, Light phase,27,8, 08:52:36, M4, AFFI, M1 
 4407, KO, B1, Light phase,27,9, 09:02:36, M1, 0, M2 
 4408, KO, B1, Light phase,27,9, 09:02:51, M1, 0, M2 
 4410, KO, B1, Light phase,27,9, 09:02:36, M2, 0, M1 
 4411, KO, B1, Light phase,27,9, 09:02:51, M2, AFFI, M1 
 4412, KO, B1, Light phase,27,9, 09:02:36, M3, 0, M1 
 4413, KO, B1, Light phase,27,9, 09:02:36, M3, 0, M1 
 4414, KO, B1, Light phase,27,9, 09:02:36, M4, 0, M1 
 4415, KO, B1, Light phase,27,9, 09:02:51, M4, AFFI, M1 
 4416, KO, B1, Light phase,27,9, 09:12:36, M1, 0, M2 
 4417, KO, B1, Light phase,27,9, 09:12:36, M4, AFFI, M1 
 4418, KO, B1, Light phase,27,9, 09:12:36, M3, AFFI, M1 
 4419, KO, B1, Light phase,27,9, 09:12:36, M2, AFFI, M1 
 4420, KO, B1, Light phase,27,9, 09:22:36, M3, 0, M1 
 4421, KO, B1, Light phase,27,9, 09:22:36, M4, AFFI, M1 
 4422, KO, B1, Light phase,27,9, 09:22:36, M1, AFFI, M2 
 4423, KO, B1, Light phase,27,9, 09:22:36, M2, AFFI, M1 
 4424, KO, B1, Light phase,27,9, 09:32:36, M3, AFFI, M1 
 4425, KO, B1, Light phase,27,9, 09:32:36, M4, AFFI, M1 
 4426, KO, B1, Light phase,27,9, 09:32:36, M1, AFFI, M2 
 4427, KO, B1, Light phase,27,9, 09:32:36, M2, AFFI, M1 
 4428, KO, B1, Light phase,27,9, 09:42:36, M2, AFFI, M1 
 4429, KO, B1, Light phase,27,9, 09:42:45, M2, 0, M1 
 4430, KO, B1, Light phase,27,9, 09:42:36, M3, AFFI, M1 
 4431, KO, B1, Light phase,27,9, 09:42:36, M1, AFFI, M2 
 4432, KO, B1, Light phase,27,9, 09:42:36, M4, AFFI, M1 
 4433, KO, B1, Light phase,27,9, 09:52:36, M2, AFFI, M1 
 4434, KO, B1, Light phase,27,9, 09:52:36, M3, AFFI, M1 
 4435, KO, B1, Light phase,27,9, 09:52:36, M1, AFFI, M2 
 4436, KO, B1, Light phase,27,9, 09:52:36, M4, AFFI, M1 
 4437, KO, B1, Light phase,27,10, 10:02:36, M2, AFFI, M1 
 4438, KO, B1, Light phase,27,10, 10:02:36, M3, AFFI, M1 
 4439, KO, B1, Light phase,27,10, 10:02:36, M1, AFFI, M2 
 4440, KO, B1, Light phase,27,10, 10:02:36, M4, AFFI, M1 
 4441, KO, B1, Light phase,27,10, 10:12:36, M2, AFFI, M1 
 4442, KO, B1, Light phase,27,10, 10:12:36, M3, AFFI, M1 
 4443, KO, B1, Light phase,27,10, 10:12:36, M1, AFFI, M2 
 4444, KO, B1, Light phase,27,10, 10:12:36, M4, AFFI, M1 
 4446, KO, B1, Light phase,27,10, 10:22:36, M3, AFFI, M1 
 4447, KO, B1, Light phase,27,10, 10:22:36, M1, AFFI, M2 
 4448, KO, B1, Light phase,27,10, 10:22:36, M4, AFFI, M1 
 4452, KO, B1, Light phase,27,10, 10:32:36, M3, 0, M1 
 4453, KO, B1, Light phase,27,10, 10:32:36, M2, AFFI, M3 
 4454, KO, B1, Light phase,27,10, 10:32:36, M1, AFFI, M2 
 4455, KO, B1, Light phase,27,10, 10:42:36, M1, AFFI, M2 
 4456, KO, B1, Light phase,27,10, 10:42:42, M1, 0, M2 
 4457, KO, B1, Light phase,27,10, 10:42:36, M2, AFFI, M1 
 4458, KO, B1, Light phase,27,10, 10:42:36, M3, AFFI, M1 
 4459, KO, B1, Light phase,27,10, 10:42:36, M4, AFFI, M1 
 4460, KO, B1, Light phase,27,10, 10:52:36, M1, AFFI, M2 
 4461, KO, B1, Light phase,27,10, 10:52:36, M2, AFFI, M1 
 4462, KO, B1, Light phase,27,10, 10:52:36, M3, AFFI, M1 
 4463, KO, B1, Light phase,27,10, 10:52:36, M4, AFFI, M1 
 4464, KO, B1, Light phase,27,11, 11:02:36, M1, AFFI, M2 
 4465, KO, B1, Light phase,27,11, 11:02:36, M2, AFFI, M1 
 4466, KO, B1, Light phase,27,11, 11:02:36, M3, AFFI, M1 
 4467, KO, B1, Light phase,27,11, 11:02:36, M4, AFFI, M1 
 4468, KO, B1, Dark phase,27,18, 18:02:38, M3, 0, M1 
 4469, KO, B1, Dark phase,27,18, 18:02:38, M4, AFFI, M1 
 4470, KO, B1, Dark phase,27,18, 18:02:44, M4, 0, M1 
 4471, KO, B1, Dark phase,27,18, 18:02:38, M1, 0, M2 
 4472, KO, B1, Dark phase,27,18, 18:02:38, M2, 0, M1 
 4473, KO, B1, Dark phase,27,18, 18:12:38, M1, STR.G, M4 
 4474, KO, B1, Dark phase,27,18, 18:12:47, M1, 0, M4 
 4476, KO, B1, Dark phase,27,18, 18:12:38, M3, STR.G, M4 
 4477, KO, B1, Dark phase,27,18, 18:12:47, M3, 0, M4 
 4478, KO, B1, Dark phase,27,18, 18:12:38, M4, 0, M3 
 4481, KO, B1, Dark phase,27,18, 18:32:38, M1, 0, M3 
 4482, KO, B1, Dark phase,27,18, 18:32:42, M1, 0, M3 
 4483, KO, B1, Dark phase,27,18, 18:32:54, M1, 0, M3 
 4484, KO, B1, Dark phase,27,18, 18:32:38, M3, 0, M1 
 4485, KO, B1, Dark phase,27,18, 18:32:38, M4, 0, M2 
 4487, KO, B1, Dark phase,27,18, 18:33:02, M4, 0, M1 
 4488, KO, B1, Dark phase,27,18, 18:32:38, M2, 0, M4 
 4490, KO, B1, Dark phase,27,18, 18:42:38, M4, STR.F, M1 
 4493, KO, B1, Dark phase,27,18, 18:42:38, M1, STR.F, M2 
 4496, KO, B1, Dark phase,27,18, 18:42:58, M1, 0, M4 
 4498, KO, B1, Dark phase,27,18, 18:43:03, M1, STR.F, M2 
 4499, KO, B1, Dark phase,27,18, 18:42:38, M3, STR.F, M1 
 4500, KO, B1, Dark phase,27,18, 18:42:38, M2, STR.F, M1 
 4501, KO, B1, Dark phase,27,18, 18:52:38, M2, STR.F, M1 
 4505, KO, B1, Dark phase,27,18, 18:52:38, M1, STR.F, M2 
 4507, KO, B1, Dark phase,27,18, 18:52:38, M3, STR.F, M1 
 4508, KO, B1, Dark phase,27,18, 18:52:38, M4, STR.F, M1 
 4509, KO, B1, Dark phase,27,19, 19:02:38, M3, 0, M1 
 4510, KO, B1, Dark phase,27,19, 19:02:42, M3, 0, M1 
 4512, KO, B1, Dark phase,27,19, 19:02:54, M3, STR.F, M1 
 4513, KO, B1, Dark phase,27,19, 19:02:38, M1, STR.F, M2 
 4514, KO, B1, Dark phase,27,19, 19:02:43, M1, 0, M2 
 4516, KO, B1, Dark phase,27,19, 19:02:58, M1, STR.F, M2 
 4517, KO, B1, Dark phase,27,19, 19:02:38, M2, STR.F, M1 
 4519, KO, B1, Dark phase,27,19, 19:02:38, M4, STR.F, M1 
 4521, KO, B1, Dark phase,27,19, 19:12:38, M3, STR.F, M1 
 4522, KO, B1, Dark phase,27,19, 19:12:38, M1, STR.F, M3 
 4523, KO, B1, Dark phase,27,19, 19:12:38, M4, STR.F, M1 
 4529, KO, B1, Dark phase,27,19, 19:23:04, M4, 0, M1 
 4530, KO, B1, Dark phase,27,19, 19:22:38, M2, STR.F, M1 
 4531, KO, B1, Dark phase,27,19, 19:22:38, M3, STR.F, M1 
 4532, KO, B1, Dark phase,27,19, 19:22:38, M1, STR.F, M2 
 4536, KO, B1, Dark phase,27,19, 19:32:50, M2, STR.F, M4 
 4538, KO, B1, Dark phase,27,19, 19:32:38, M3, STR.F, M2 
 4539, KO, B1, Dark phase,27,19, 19:32:38, M4, STR.F, M3 
 4541, KO, B1, Dark phase,27,19, 19:42:51, M2, 0, M1 
 4544, KO, B1, Dark phase,27,19, 19:42:49, M1, 0, M2 
 4545, KO, B1, Dark phase,27,19, 19:42:55, M1, 0, M3 
 4546, KO, B1, Dark phase,27,19, 19:42:38, M4, STR.F, M3 
 4548, KO, B1, Dark phase,27,19, 19:42:38, M3, STR.F, M1 
 4552, KO, B1, Dark phase,27,19, 19:52:38, M1, STR.F, M2 
 4553, KO, B1, Dark phase,27,19, 19:52:49, M1, 0, M2 
 4554, KO, B1, Dark phase,27,19, 19:52:55, M1, STR.F, M2 
 4555, KO, B1, Dark phase,27,19, 19:52:38, M2, STR.F, M3 
 4556, KO, B1, Dark phase,27,19, 19:52:38, M3, STR.F, M2 
 4559, KO, B1, Dark phase,27,20, 20:02:38, M2, STR.F, M1 
 4560, KO, B1, Dark phase,27,20, 20:02:38, M1, STR.F, M2 
 4565, KO, B1, Dark phase,27,20, 20:12:38, M2, STR.F, M3 
 4568, KO, B1, Dark phase,27,20, 20:12:57, M2, STR.F, M3 
 4569, KO, B1, Dark phase,27,20, 20:12:38, M3, STR.F, M2 
 4571, KO, B1, Dark phase,27,20, 20:12:57, M3, STR.F, M2 
 4572, KO, B1, Dark phase,27,20, 20:22:38, M2, STR.F, M1 
 4573, KO, B1, Dark phase,27,20, 20:22:48, M2, 0, M1 
 4574, KO, B1, Dark phase,27,20, 20:22:59, M2, STR.F, M1 
 4576, KO, B1, Dark phase,27,20, 20:22:38, M1, STR.F, M2 
 4577, KO, B1, Dark phase,27,20, 20:22:48, M1, 0, M2 
 4578, KO, B1, Dark phase,27,20, 20:23:00, M1, 0, M2 
 4579, KO, B1, Dark phase,27,20, 20:22:38, M3, STR.F, M1 
 4580, KO, B1, Dark phase,27,20, 20:22:38, M4, STR.F, M1 
 4581, KO, B1, Dark phase,27,20, 20:32:38, M4, 0, M3 
 4583, KO, B1, Dark phase,27,20, 20:32:50, M4, 0, M3 
 4586, KO, B1, Dark phase,27,20, 20:32:38, M1, 0, M2 
 4589, KO, B1, Dark phase,27,20, 20:32:38, M2, 0, M1 
 4590, KO, B1, Dark phase,27,20, 20:32:46, M2, 0, M1 
 4593, KO, B1, Dark phase,27,20, 20:32:48, M3, 0, M4 
 4595, KO, B1, Dark phase,27,20, 20:42:38, M1, 0, M3 
 4596, KO, B1, Dark phase,27,20, 20:42:45, M1, AGGRO, M2 
 4597, KO, B1, Dark phase,27,20, 20:42:50, M1, 0, M4 
 4598, KO, B1, Dark phase,27,20, 20:42:55, M1, AGGRO, M2 
 4599, KO, B1, Dark phase,27,20, 20:42:58, M1, AGGRO, M2 
 4602, KO, B1, Dark phase,27,20, 20:42:44, M2, 0, M1 
 4604, KO, B1, Dark phase,27,20, 20:42:55, M2, 0, M1 
 4605, KO, B1, Dark phase,27,20, 20:43:02, M2, 0, M4 
 4606, KO, B1, Dark phase,27,20, 20:42:38, M3, 0, M1 
 4611, KO, B1, Dark phase,27,20, 20:52:38, M3, STR.F, M4 
 4612, KO, B1, Dark phase,27,20, 20:52:38, M4, STR.F, M3 
 4613, KO, B1, Dark phase,27,20, 20:52:38, M2, STR.F, M4 
 4614, KO, B1, Dark phase,27,21, 21:02:38, M1, 0, M2 
 4615, KO, B1, Dark phase,27,21, 21:02:38, M2, 0, M3 
 4616, KO, B1, Dark phase,27,21, 21:02:38, M3, 0, M2 
 4620, KO, B1, Dark phase,27,21, 21:12:46, M2, 0, M1 
 4621, KO, B1, Dark phase,27,21, 21:12:48, M2, 0, M1 
 4623, KO, B1, Dark phase,27,21, 21:12:57, M2, 0, M4 
 4624, KO, B1, Dark phase,27,21, 21:13:00, M2, AGGRO, M1 
 4629, KO, B1, Dark phase,27,21, 21:12:56, M3, 0, M2 
 4643, KO, B1, Dark phase,27,21, 21:22:38, M3, 0, M2 
 4644, KO, B1, Dark phase,27,21, 21:22:02, M3, 0, M2 
 4645, KO, B1, Dark phase,27,21, 21:22:38, M2, 0, M3 
 4647, KO, B1, Dark phase,27,21, 21:32:45, M1, 0, M2 
 4648, KO, B1, Dark phase,27,21, 21:32:55, M1, 0, M2 
 4649, KO, B1, Dark phase,27,21, 21:33:02, M1, AGGRO, M2 
 4650, KO, B1, Dark phase,27,21, 21:32:38, M2, 0, M3 
 4651, KO, B1, Dark phase,27,21, 21:32:42, M2, 0, M3 
 4652, KO, B1, Dark phase,27,21, 21:32:45, M2, AGGRO, M1 
 4653, KO, B1, Dark phase,27,21, 21:32:55, M2, 0, M1 
 4654, KO, B1, Dark phase,27,21, 21:33:02, M2, 0, M1 
 4656, KO, B1, Dark phase,27,21, 21:32:42, M3, 0, M2 
 4661, KO, B1, Dark phase,27,21, 21:42:38, M2, AGGRO, M3 
 4663, KO, B1, Dark phase,27,21, 21:42:45, M2, AGGRO, M3 
 4664, KO, B1, Dark phase,27,21, 21:42:50, M2, 0, M3 
 4665, KO, B1, Dark phase,27,21, 21:42:52, M2, AGGRO, M1 
 4668, KO, B1, Dark phase,27,21, 21:42:38, M3, 0, M2 
 4669, KO, B1, Dark phase,27,21, 21:42:49, M3, 0, M2 
 4670, KO, B1, Dark phase,27,21, 21:42:51, M3, 0, M4 
 4671, KO, B1, Dark phase,27,21, 21:42:56, M3, 0, M2 
 4673, KO, B1, Dark phase,27,21, 21:43:03, M3, 0, M1 
 4675, KO, B1, Dark phase,27,21, 21:42:45, M1, 0, M3 
 4676, KO, B1, Dark phase,27,21, 21:42:57, M1, 0, M4 
 4677, KO, B1, Dark phase,27,21, 21:43:04, M1, 0, M3 
 4678, KO, B1, Dark phase,27,21, 21:42:38, M4, 0, M1 
 4682, KO, B1, Dark phase,27,21, 21:52:52, M3, 0, M1 
 4683, KO, B1, Dark phase,27,21, 21:52:38, M4, 0, M1 
 4684, KO, B1, Dark phase,27,21, 21:52:38, M1, 0, M4 
 4686, KO, B1, Dark phase,27,22, 22:02:47, M1, 0, M2 
 4689, KO, B1, Dark phase,27,22, 22:02:47, M2, 0, M1 
 4691, KO, B1, Dark phase,27,22, 22:02:38, M4, AFFI, M3 
 4692, KO, B1, Dark phase,27,22, 22:02:38, M3, AFFI, M4 
 4693, KO, B1, Dark phase,27,22, 22:12:38, M4, 0, M2 
 4694, KO, B1, Dark phase,27,22, 22:12:50, M4, AGGRO, M2 
 4695, KO, B1, Dark phase,27,22, 22:12:55, M4, 0, M1 
 4697, KO, B1, Dark phase,27,22, 22:12:38, M3, AGGRO, M4 
 4698, KO, B1, Dark phase,27,22, 22:12:45, M3, 0, M4 
 4703, KO, B1, Dark phase,27,22, 22:12:53, M1, 0, M4 
 4704, KO, B1, Dark phase,27,22, 22:12:59, M1, 0, M2 
 4705, KO, B1, Dark phase,27,22, 22:12:38, M2, 0, M3 
 4706, KO, B1, Dark phase,27,22, 22:12:45, M2, 0, M3 
 4707, KO, B1, Dark phase,27,22, 22:12:47, M2, AGGRO, M1 
 4708, KO, B1, Dark phase,27,22, 22:12:53, M2, 0, M4 
 4709, KO, B1, Dark phase,27,22, 22:13:01, M2, AGGRO, M1 
 4712, KO, B1, Dark phase,27,22, 22:22:50, M3, 0, M4 
 4714, KO, B1, Dark phase,27,22, 22:22:55, M3, AGGRO, M4 
 4715, KO, B1, Dark phase,27,22, 22:22:59, M3, 0, M1 
 4716, KO, B1, Dark phase,27,22, 22:23:04, M3, 0, M2 
 4717, KO, B1, Dark phase,27,22, 22:22:38, M4, 0, M2 
 4718, KO, B1, Dark phase,27,22, 22:22:44, M4, 0, M2 
 4719, KO, B1, Dark phase,27,22, 22:22:52, M4, AGGRO, M3 
 4720, KO, B1, Dark phase,27,22, 22:22:56, M4, 0, M3 
 4721, KO, B1, Dark phase,27,22, 22:22:38, M2, 0, M1 
 4724, KO, B1, Dark phase,27,22, 22:22:44, M1, 0, M4 
 4726, KO, B1, Dark phase,27,22, 22:22:59, M1, AGGRO, M3 
 4727, KO, B1, Dark phase,27,22, 22:22:02, M1, 0, M4 
 4730, KO, B1, Dark phase,27,22, 22:32:38, M4, 0, M1 
 4731, KO, B1, Dark phase,27,22, 22:32:38, M1, 0, M4 
 4732, KO, B1, Dark phase,27,22, 22:32:38, M2, 0, M4 
 4736, KO, B1, Dark phase,27,22, 22:42:38, M4, STR.F, M1 
 4737, KO, B1, Dark phase,27,22, 22:42:38, M1, STR.F, M4 
 4738, KO, B1, Dark phase,27,22, 22:42:38, M2, STR.F, M1 
 4739, KO, B1, Dark phase,27,22, 22:52:38, M2, 0, M1 
 4740, KO, B1, Dark phase,27,22, 22:52:49, M2, 0, M3 
 4742, KO, B1, Dark phase,27,22, 22:52:38, M1, 0, M2 
 4744, KO, B1, Dark phase,27,22, 22:52:38, M3, 0, M4 
 4745, KO, B1, Dark phase,27,22, 22:52:38, M4, 0, M3 
 4747, KO, B1, Dark phase,27,23, 23:02:53, M3, AGGRO, M4 
 4749, KO, B1, Dark phase,27,23, 23:02:38, M4, STR.F, M1 
 4750, KO, B1, Dark phase,27,23, 23:02:53, M4, AGGRO, M3 
 4752, KO, B1, Dark phase,27,23, 23:02:38, M2, STR.F, M4 
 4753, KO, B1, Dark phase,27,23, 23:02:56, M2, 0, M1 
 4754, KO, B1, Dark phase,27,23, 23:02:38, M1, STR.F, M4 
 4755, KO, B1, Dark phase,27,23, 23:02:56, M1, 0, M2 
 4757, KO, B1, Light phase,28,6, 06:02:50, M3, 0, M1 
 4759, KO, B1, Light phase,28,6, 06:02:50, M1, 0, M3 
 4760, KO, B1, Light phase,28,6, 06:03:02, M1, 0, M3 
 4761, KO, B1, Light phase,28,6, 06:02:40, M2, 0, M4 
 4762, KO, B1, Light phase,28,6, 06:02:40, M4, 0, M2 
 4763, KO, B1, Light phase,28,6, 06:02:45, M4, 0, M2 
 4764, KO, B1, Light phase,28,6, 06:03:00, M4, 0, M2 
 4767, KO, B1, Light phase,28,6, 06:12:53, M1, 0, M3 
 4768, KO, B1, Light phase,28,6, 06:12:40, M3, 0, M2 
 4769, KO, B1, Light phase,28,6, 06:12:40, M2, 0, M3 
 4772, KO, B1, Light phase,28,6, 06:22:40, M3, 0, M1 
 4773, KO, B1, Light phase,28,6, 06:22:48, M3, STR.G, M1 
 4774, KO, B1, Light phase,28,6, 06:22:40, M2, 0, M3 
 4775, KO, B1, Light phase,28,6, 06:22:48, M2, STR.G, M3 
 4776, KO, B1, Light phase,28,6, 06:22:40, M1, 0, M2 
 4780, KO, B1, Light phase,28,6, 06:32:40, M2, 0, M3 
 4781, KO, B1, Light phase,28,6, 06:32:43, M2, STR.G, M3 
 4782, KO, B1, Light phase,28,6, 06:32:40, M1, AFFI, M3 
 4783, KO, B1, Light phase,28,6, 06:32:43, M1, STR.G, M3 
 4784, KO, B1, Light phase,28,6, 06:32:40, M3, AFFI, M1 
 4785, KO, B1, Light phase,28,6, 06:42:40, M4, 0,   
 4787, KO, B1, Light phase,28,6, 06:43:05, M4, 0, M1 
 4788, KO, B1, Light phase,28,6, 06:42:40, M3, AFFI, M1 
 4789, KO, B1, Light phase,28,6, 06:42:40, M1, AFFI, M2 
 4790, KO, B1, Light phase,28,6, 06:42:40, M2, AFFI, M1 
 4792, KO, B1, Light phase,28,6, 06:52:40, M1, 0, M3 
 4793, KO, B1, Light phase,28,6, 06:52:40, M2, AFFI, M3 
 4794, KO, B1, Light phase,28,6, 06:52:40, M3, AFFI, M1 
 4796, KO, B1, Light phase,28,7, 07:12:40, M2, 0, M1 
 4797, KO, B1, Light phase,28,7, 07:12:40, M4, AFFI, M1 
 4798, KO, B1, Light phase,28,7, 07:12:40, M3, AFFI, M1 
 4799, KO, B1, Light phase,28,7, 07:12:40, M1, AFFI, M2 
 4800, KO, B1, Light phase,28,7, 07:22:40, M2, AFFI, M1 
 4801, KO, B1, Light phase,28,7, 07:22:40, M4, AFFI, M1 
 4802, KO, B1, Light phase,28,7, 07:22:40, M3, AFFI, M1 
 4803, KO, B1, Light phase,28,7, 07:22:40, M1, AFFI, M2 
 4804, KO, B1, Light phase,28,7, 07:32:40, M2, AFFI, M1 
 4805, KO, B1, Light phase,28,7, 07:32:40, M4, AFFI, M1 
 4806, KO, B1, Light phase,28,7, 07:32:40, M3, AFFI, M1 
 4807, KO, B1, Light phase,28,7, 07:32:40, M1, AFFI, M2 
 4808, KO, B1, Light phase,28,7, 07:42:40, M2, AFFI, M1 
 4809, KO, B1, Light phase,28,7, 07:42:40, M4, AFFI, M1 
 4810, KO, B1, Light phase,28,7, 07:42:40, M3, AFFI, M1 
 4811, KO, B1, Light phase,28,7, 07:42:40, M1, AFFI, M2 
 4812, KO, B1, Light phase,28,7, 07:52:40, M2, AFFI, M1 
 4813, KO, B1, Light phase,28,7, 07:52:40, M4, AFFI, M1 
 4814, KO, B1, Light phase,28,7, 07:52:40, M3, AFFI, M1 
 4815, KO, B1, Light phase,28,7, 07:52:40, M1, AFFI, M2 
 4816, KO, B1, Light phase,28,8, 08:02:40, M3, AFFI, M1 
 4817, KO, B1, Light phase,28,8, 08:02:54, M3, 0, M1 
 4818, KO, B1, Light phase,28,8, 08:02:40, M1, AFFI, M2 
 4819, KO, B1, Light phase,28,8, 08:03:03, M1, 0, M2 
 4820, KO, B1, Light phase,28,8, 08:02:40, M4, AFFI, M1 
 4821, KO, B1, Light phase,28,8, 08:02:40, M2, AFFI, M1 
 4822, KO, B1, Light phase,28,8, 08:12:40, M3, 0, M1 
 4823, KO, B1, Light phase,28,8, 08:12:40, M2, AFFI, M1 
 4824, KO, B1, Light phase,28,8, 08:12:40, M1, AFFI, M2 
 4825, KO, B1, Light phase,28,8, 08:12:40, M4, AFFI, M1 
 4826, KO, B1, Light phase,28,8, 08:22:40, M1, 0, M2 
 4828, KO, B1, Light phase,28,8, 08:22:40, M4, AFFI, M1 
 4829, KO, B1, Light phase,28,8, 08:22:40, M2, AFFI, M1 
 4830, KO, B1, Light phase,28,8, 08:22:40, M3, AFFI, M1 
 4832, KO, B1, Light phase,28,8, 08:32:56, M1, 0, M2 
 4833, KO, B1, Light phase,28,8, 08:32:40, M4, AFFI, M1 
 4834, KO, B1, Light phase,28,8, 08:32:40, M2, AFFI, M1 
 4835, KO, B1, Light phase,28,8, 08:32:40, M3, AFFI, M1 
 4837, KO, B1, Light phase,28,8, 08:42:40, M4, AFFI, M2 
 4838, KO, B1, Light phase,28,8, 08:42:40, M2, AFFI, M3 
 4839, KO, B1, Light phase,28,8, 08:42:40, M3, AFFI, M4 
 4840, KO, B1, Light phase,28,8, 08:52:40, M2, 0, M1 
 4841, KO, B1, Light phase,28,8, 08:52:40, M3, AFFI, M1 
 4842, KO, B1, Light phase,28,8, 08:52:52, M3, 0, M1 
 4843, KO, B1, Light phase,28,8, 08:52:40, M1, AFFI, M2 
 4844, KO, B1, Light phase,28,8, 08:52:40, M4, AFFI, M1 
 4847, KO, B1, Light phase,28,9, 09:02:48, M2, 0, M1 
 4848, KO, B1, Light phase,28,9, 09:02:40, M3, AFFI, M1 
 4849, KO, B1, Light phase,28,9, 09:02:40, M1, AFFI, M2 
 4850, KO, B1, Light phase,28,9, 09:02:40, M4, AFFI, M1 
 4852, KO, B1, Light phase,28,9, 09:12:40, M3, AFFI, M4 
 4853, KO, B1, Light phase,28,9, 09:12:40, M1, AFFI, M3 
 4854, KO, B1, Light phase,28,9, 09:12:40, M4, AFFI, M3 
 4855, KO, B1, Light phase,28,9, 09:22:40, M2, 0, M1 
 4857, KO, B1, Light phase,28,9, 09:22:40, M1, 0, M3 
 4858, KO, B1, Light phase,28,9, 09:22:40, M4, 0, M1 
 4859, KO, B1, Light phase,28,9, 09:22:40, M3, AFFI, M1 
 4860, KO, B1, Light phase,28,9, 09:32:40, M2, 0, M1 
 4862, KO, B1, Light phase,28,9, 09:32:40, M4, AFFI, M1 
 4863, KO, B1, Light phase,28,9, 09:32:47, M4, 0, M3 
 4864, KO, B1, Light phase,28,9, 09:32:52, M4, AFFI, M3 
 4865, KO, B1, Light phase,28,9, 09:32:40, M3, AFFI, M1 
 4866, KO, B1, Light phase,28,9, 09:32:40, M1, AFFI, M4 
 4870, KO, B1, Light phase,28,9, 09:52:40, M1, AFFI, M3 
 4871, KO, B1, Light phase,28,9, 09:52:40, M3, AFFI, M1 
 4872, KO, B1, Light phase,28,9, 09:52:40, M4, AFFI, M3 
 4873, KO, B1, Light phase,28,10, 10:02:40, M2, AFFI, M1 
 4875, KO, B1, Light phase,28,10, 10:02:40, M1, AFFI, M4 
 4876, KO, B1, Light phase,28,10, 10:02:40, M4, AFFI, M1 
 4877, KO, B1, Light phase,28,10, 10:02:40, M3, AFFI, M4 
 4879, KO, B1, Light phase,28,10, 10:12:40, M1, AFFI, M4 
 4880, KO, B1, Light phase,28,10, 10:12:40, M4, AFFI, M1 
 4881, KO, B1, Light phase,28,10, 10:12:40, M3, AFFI, M4 
 4883, KO, B1, Light phase,28,10, 10:22:49, M2, 0, M1 
 4885, KO, B1, Light phase,28,10, 10:22:40, M3, 0, M4 
 4886, KO, B1, Light phase,28,10, 10:22:40, M1, AFFI, M4 
 4887, KO, B1, Light phase,28,10, 10:22:40, M4, AFFI, M1 
 4888, KO, B1, Light phase,28,10, 10:32:40, M2, 0, M1 
 4889, KO, B1, Light phase,28,10, 10:32:40, M3, AFFI, M1 
 4890, KO, B1, Light phase,28,10, 10:32:40, M1, AFFI, M2 
 4891, KO, B1, Light phase,28,10, 10:32:40, M4, AFFI, M1 
 4892, KO, B1, Light phase,28,10, 10:42:41, M3, AFFI, M1 
 4893, KO, B1, Light phase,28,10, 10:42:41, M1, AFFI, M2 
 4894, KO, B1, Light phase,28,10, 10:42:41, M4, AFFI, M1 
 4895, KO, B1, Light phase,28,10, 10:42:41, M2, AFFI, M1 
 4896, KO, B1, Light phase,28,10, 10:52:41, M3, AFFI, M1 
 4897, KO, B1, Light phase,28,10, 10:52:59, M3, 0, M1 
 4898, KO, B1, Light phase,28,10, 10:52:41, M2, AFFI, M1 
 4899, KO, B1, Light phase,28,10, 10:52:41, M4, AFFI, M1 
 4900, KO, B1, Light phase,28,10, 10:52:41, M1, AFFI, M2 
 4901, KO, B1, Light phase,28,11, 11:02:41, M3, AFFI, M1 
 4902, KO, B1, Light phase,28,11, 11:02:41, M2, AFFI, M1 
 4903, KO, B1, Light phase,28,11, 11:02:41, M4, AFFI, M1 
 4904, KO, B1, Light phase,28,11, 11:02:41, M1, AFFI, M2 
 4907, KO, B1, Dark phase,28,18, 18:02:56, M4, 0, M3 
 4908, KO, B1, Dark phase,28,18, 18:03:01, M4, 0, M1 
 4909, KO, B1, Dark phase,28,18, 18:03:05, M4, 0, M1 
 4912, KO, B1, Dark phase,28,18, 18:03:02, M1, 0, M4 
 4913, KO, B1, Dark phase,28,18, 18:02:42, M3, 0, M2 
 4914, KO, B1, Dark phase,28,18, 18:03:04, M3, STR.G, M2 
 4915, KO, B1, Dark phase,28,18, 18:02:42, M2, 0, M3 
 4916, KO, B1, Dark phase,28,18, 18:03:04, M2, STR.G, M3 
 4918, KO, B1, Dark phase,28,18, 18:13:01, M2, 0, M3 
 4920, KO, B1, Dark phase,28,18, 18:13:01, M3, 0, M2 
 4921, KO, B1, Dark phase,28,18, 18:12:42, M1, 0, M4 
 4923, KO, B1, Dark phase,28,18, 18:13:07, M1, 0, M2 
 4924, KO, B1, Dark phase,28,18, 18:12:42, M4, 0, M1 
 4926, KO, B1, Dark phase,28,18, 18:22:42, M2, AGGRO, M1 
 4928, KO, B1, Dark phase,28,18, 18:22:57, M2, 0, M3 
 4929, KO, B1, Dark phase,28,18, 18:22:42, M1, AGGRO, M2 
 4930, KO, B1, Dark phase,28,18, 18:22:47, M1, 0, M3 
 4933, KO, B1, Dark phase,28,18, 18:22:42, M3, 0, M4 
 4934, KO, B1, Dark phase,28,18, 18:23:00, M3, STR.F, M2 
 4935, KO, B1, Dark phase,28,18, 18:23:06, M3, 0, M2 
 4936, KO, B1, Dark phase,28,18, 18:22:42, M4, 0, M3 
 4937, KO, B1, Dark phase,28,18, 18:23:00, M4, STR.F, M3 
 4938, KO, B1, Dark phase,28,18, 18:23:06, M4, 0, M3 
 4939, KO, B1, Dark phase,28,18, 18:32:42, M3, 0, M1 
 4940, KO, B1, Dark phase,28,18, 18:32:53, M3, STR.F, M1 
 4941, KO, B1, Dark phase,28,18, 18:32:42, M4, STR.F, M1 
 4942, KO, B1, Dark phase,28,18, 18:32:53, M4, 0, M1 
 4943, KO, B1, Dark phase,28,18, 18:33:04, M4, STR.F, M1 
 4944, KO, B1, Dark phase,28,18, 18:32:42, M2, STR.F, M1 
 4945, KO, B1, Dark phase,28,18, 18:32:42, M1, STR.F, M2 
 4947, KO, B1, Dark phase,28,18, 18:42:51, M4, 0, M1 
 4949, KO, B1, Dark phase,28,18, 18:43:07, M4, STR.F, M1 
 4950, KO, B1, Dark phase,28,18, 18:42:42, M1, 0, M4 
 4951, KO, B1, Dark phase,28,18, 18:42:54, M1, 0, M4 
 4953, KO, B1, Dark phase,28,18, 18:43:08, M1, 0, M4 
 4954, KO, B1, Dark phase,28,18, 18:42:42, M3, 0, M1 
 4957, KO, B1, Dark phase,28,18, 18:43:06, M2, STR.F, M4 
 4962, KO, B1, Dark phase,28,18, 18:52:42, M3, STR.F, M2 
 4964, KO, B1, Dark phase,28,18, 18:52:42, M4, STR.F, M3 
 4965, KO, B1, Dark phase,28,18, 18:53:02, M4, 0, M2 
 4966, KO, B1, Dark phase,28,18, 18:52:42, M2, STR.F, M3 
 4967, KO, B1, Dark phase,28,18, 18:53:02, M2, 0, M4 
 4968, KO, B1, Dark phase,28,19, 19:02:42, M1, AGGRO, M2 
 4969, KO, B1, Dark phase,28,19, 19:02:47, M1, 0, M2 
 4972, KO, B1, Dark phase,28,19, 19:03:08, M1, AGGRO, M2 
 4974, KO, B1, Dark phase,28,19, 19:02:47, M2, 0, M1 
 4977, KO, B1, Dark phase,28,19, 19:03:06, M2, 0, M1 
 4978, KO, B1, Dark phase,28,19, 19:02:47, M4, STR.F, M3 
 4979, KO, B1, Dark phase,28,19, 19:02:51, M4, 0, M3 
 4980, KO, B1, Dark phase,28,19, 19:02:47, M3, STR.F, M4 
 4981, KO, B1, Dark phase,28,19, 19:02:51, M3, 0, M4 
 4986, KO, B1, Dark phase,28,19, 19:13:01, M3, STR.F, M1 
 4987, KO, B1, Dark phase,28,19, 19:12:42, M1, 0, M2 
 4988, KO, B1, Dark phase,28,19, 19:12:46, M1, STR.F, M2 
 4989, KO, B1, Dark phase,28,19, 19:13:05, M1, 0, M2 
 4990, KO, B1, Dark phase,28,19, 19:12:42, M2, STR.F, M1 
 4991, KO, B1, Dark phase,28,19, 19:12:42, M4, STR.F, M1 
 4992, KO, B1, Dark phase,28,19, 19:22:42, M1, STR.F, M2 
 4993, KO, B1, Dark phase,28,19, 19:22:42, M4, STR.F, M1 
 4994, KO, B1, Dark phase,28,19, 19:22:42, M3, STR.F, M1 
 4995, KO, B1, Dark phase,28,19, 19:22:42, M2, STR.F, M1 
 4997, KO, B1, Dark phase,28,19, 19:42:42, M2, 0, M1 
 4998, KO, B1, Dark phase,28,19, 19:42:44, M2, AGGRO, M1 
 4999, KO, B1, Dark phase,28,19, 19:42:42, M1, 0, M2 
 5000, KO, B1, Dark phase,28,19, 19:42:44, M1, 0, M2 
 5001, KO, B1, Dark phase,28,19, 19:42:42, M3, 0, M4 
 5002, KO, B1, Dark phase,28,19, 19:42:42, M4, 0, M3 
 5003, KO, B1, Dark phase,28,19, 19:52:43, M1, 0, M4 
 5005, KO, B1, Dark phase,28,19, 19:52:50, M1, AGGRO, M3 
 5007, KO, B1, Dark phase,28,19, 19:52:47, M3, 0, M1 
 5009, KO, B1, Dark phase,28,19, 19:52:59, M4, 0, M3 
 5011, KO, B1, Dark phase,28,19, 19:53:08, M4, AGGRO, M3 
 5019, KO, B1, Dark phase,28,20, 20:12:42, M3, AFFI, M1 
 5020, KO, B1, Dark phase,28,20, 20:12:42, M1, AFFI, M2 
 5021, KO, B1, Dark phase,28,20, 20:12:42, M2, AFFI, M1 
 5022, KO, B1, Dark phase,28,20, 20:12:42, M4, AFFI, M1 
 5023, KO, B1, Dark phase,28,20, 20:22:42, M1, 0, M2 
 5024, KO, B1, Dark phase,28,20, 20:22:49, M1, 0, M2 
 5025, KO, B1, Dark phase,28,20, 20:22:54, M1, AFFI, M2 
 5026, KO, B1, Dark phase,28,20, 20:23:03, M1, 0, M2 
 5027, KO, B1, Dark phase,28,20, 20:22:42, M2, AFFI, M4 
 5028, KO, B1, Dark phase,28,20, 20:22:42, M4, AFFI, M1 
 5030, KO, B1, Dark phase,28,20, 20:32:42, M4, 0, M2 
 5033, KO, B1, Dark phase,28,20, 20:32:42, M2, STR.F, M4 
 5034, KO, B1, Dark phase,28,20, 20:32:47, M2, 0, M4 
 5035, KO, B1, Dark phase,28,20, 20:32:52, M2, 0, M3 
 5038, KO, B1, Dark phase,28,20, 20:32:52, M3, 0, M2 
 5041, KO, B1, Dark phase,28,20, 20:32:42, M1, 0, M2 
 5048, KO, B1, Dark phase,28,20, 20:42:42, M4, 0, M1 
 5049, KO, B1, Dark phase,28,20, 20:42:42, M1, 0, M4 
 5050, KO, B1, Dark phase,28,20, 20:52:42, M1, 0, M3 
 5051, KO, B1, Dark phase,28,20, 20:52:53, M1, STR.F, M4 
 5052, KO, B1, Dark phase,28,20, 20:52:42, M3, 0, M1 
 5054, KO, B1, Dark phase,28,20, 20:52:42, M2, 0, M4 
 5055, KO, B1, Dark phase,28,20, 20:53:03, M2, 0, M4 
 5056, KO, B1, Dark phase,28,20, 20:52:42, M4, 0, M2 
 5058, KO, B1, Dark phase,28,21, 21:02:46, M2, STR.F, M1 
 5059, KO, B1, Dark phase,28,21, 21:02:42, M4, STR.F, M1 
 5060, KO, B1, Dark phase,28,21, 21:02:42, M3, STR.F, M1 
 5061, KO, B1, Dark phase,28,21, 21:02:42, M1, STR.F, M2 
 5062, KO, B1, Dark phase,28,21, 21:12:42, M2, AGGRO, M4 
 5063, KO, B1, Dark phase,28,21, 21:12:44, M2, 0, M1 
 5068, KO, B1, Dark phase,28,21, 21:12:42, M1, STR.F, M2 
 5070, KO, B1, Dark phase,28,21, 21:12:42, M4, 0, M1 
 5071, KO, B1, Dark phase,28,21, 21:12:54, M4, 0, M3 
 5072, KO, B1, Dark phase,28,21, 21:13:07, M4, 0, M3 
 5073, KO, B1, Dark phase,28,21, 21:12:42, M3, STR.F, M1 
 5074, KO, B1, Dark phase,28,21, 21:12:54, M3, 0, M4 
 5075, KO, B1, Dark phase,28,21, 21:22:42, M2, AGGRO, M1 
 5079, KO, B1, Dark phase,28,21, 21:22:45, M1, AGGRO, M2 
 5083, KO, B1, Dark phase,28,21, 21:22:42, M3, 0, M4 
 5084, KO, B1, Dark phase,28,21, 21:22:42, M4, 0, M3 
 5086, KO, B1, Dark phase,28,21, 21:33:00, M1, STR.F, M2 
 5087, KO, B1, Dark phase,28,21, 21:32:42, M4, 0, M1 
 5088, KO, B1, Dark phase,28,21, 21:32:55, M4, STR.F, M1 
 5089, KO, B1, Dark phase,28,21, 21:32:42, M2, 0, M3 
 5090, KO, B1, Dark phase,28,21, 21:32:56, M2, STR.F, M1 
 5092, KO, B1, Dark phase,28,21, 21:32:42, M3, 0, M1 
 5093, KO, B1, Dark phase,28,21, 21:32:56, M3, STR.F, M1 
 5094, KO, B1, Dark phase,28,21, 21:42:42, M3, 0, M4 
 5097, KO, B1, Dark phase,28,21, 21:42:42, M2, 0, M4 
 5098, KO, B1, Dark phase,28,21, 21:42:42, M4, 0, M2 
 5105, KO, B1, Dark phase,28,22, 22:02:47, M4, 0, M3 
 5108, KO, B1, Dark phase,28,22, 22:02:55, M1, 0, M2 
 5109, KO, B1, Dark phase,28,22, 22:03:04, M1, 0, M2 
 5111, KO, B1, Dark phase,28,22, 22:02:47, M3, 0, M4 
 5112, KO, B1, Dark phase,28,22, 22:02:58, M3, 0, M4 
 5116, KO, B1, Dark phase,28,22, 22:02:55, M2, 0, M1 
 5117, KO, B1, Dark phase,28,22, 22:03:02, M2, 0, M1 
 5120, KO, B1, Dark phase,28,22, 22:12:42, M1, 0, M2 
 5124, KO, B1, Dark phase,28,22, 22:12:42, M2, 0, M1 
 5125, KO, B1, Dark phase,28,22, 22:12:48, M2, AGGRO, M1 
 5130, KO, B1, Dark phase,28,22, 22:22:42, M1, 0, M4 
 5131, KO, B1, Dark phase,28,22, 22:22:52, M1, 0, M2 
 5132, KO, B1, Dark phase,28,22, 22:22:59, M1, 0, M4 
 5133, KO, B1, Dark phase,28,22, 22:22:42, M4, 0, M2 
 5136, KO, B1, Dark phase,28,22, 22:22:55, M2, AGGRO, M1 
 5138, KO, B1, Dark phase,28,22, 22:23:07, M2, 0, M1 
 5140, KO, B1, Dark phase,28,22, 22:23:01, M3, 0, M2 
 5143, KO, B1, Dark phase,28,22, 22:32:55, M2, 0, M3 
 5147, KO, B1, Dark phase,28,22, 22:32:52, M3, STR.F, M4 
 5151, KO, B1, Dark phase,28,22, 22:32:56, M4, STR.F, M3 
 5153, KO, B1, Dark phase,28,22, 22:42:42, M3, 0, M1 
 5154, KO, B1, Dark phase,28,22, 22:42:45, M3, 0, M2 
 5158, KO, B1, Dark phase,28,22, 22:42:48, M2, 0, M3 
 5160, KO, B1, Dark phase,28,22, 22:42:59, M2, 0, M1 
 5162, KO, B1, Dark phase,28,22, 22:42:42, M1, 0, M4 
 5163, KO, B1, Dark phase,28,22, 22:42:59, M1, 0, M2 
 5164, KO, B1, Dark phase,28,22, 22:43:05, M1, 0, M4 
 5165, KO, B1, Dark phase,28,22, 22:42:42, M4, 0, M1 
 5167, KO, B1, Dark phase,28,22, 22:43:05, M4, 0, M1 
 5170, KO, B1, Dark phase,28,22, 22:52:50, M4, 0, M3 
 5172, KO, B1, Dark phase,28,22, 22:52:50, M3, 0, M4 
 5173, KO, B1, Dark phase,28,22, 22:52:58, M3, STR.F, M4 
 5174, KO, B1, Dark phase,28,22, 22:52:42, M1, 0, M3 
 5175, KO, B1, Dark phase,28,22, 22:52:47, M1, 0, M2 
 5177, KO, B1, Dark phase,28,22, 22:52:56, M1, STR.F, M3 
 5178, KO, B1, Dark phase,28,23, 23:02:42, M1, 0, M3 
 5179, KO, B1, Dark phase,28,23, 23:02:49, M1, 0, M2 
 5180, KO, B1, Dark phase,28,23, 23:02:54, M1, 0, M3 
 5181, KO, B1, Dark phase,28,23, 23:03:02, M1, 0, M3 
 5185, KO, B1, Dark phase,28,23, 23:02:42, M4, 0, M3 
 5186, KO, B1, Dark phase,28,23, 23:03:01, M4, STR.F, M3 
 5187, KO, B1, Dark phase,28,23, 23:02:42, M3, 0, M4 
 5188, KO, B1, Dark phase,28,23, 23:03:01, M3, STR.F, M4 
 5189, KO, B1, Light phase,29,6, 06:02:44, M4, AFFI, M1 
 5190, KO, B1, Light phase,29,6, 06:02:52, M4, 0, M1 
 5191, KO, B1, Light phase,29,6, 06:02:58, M4, 0, M2 
 5192, KO, B1, Light phase,29,6, 06:03:01, M4, STR.G, M1 
 5193, KO, B1, Light phase,29,6, 06:02:44, M2, 0, M1 
 5194, KO, B1, Light phase,29,6, 06:02:52, M2, 0, M1 
 5195, KO, B1, Light phase,29,6, 06:02:58, M2, AGGRO, M1 
 5196, KO, B1, Light phase,29,6, 06:03:01, M2, STR.G, M1 
 5197, KO, B1, Light phase,29,6, 06:02:44, M1, 0, M2 
 5198, KO, B1, Light phase,29,6, 06:02:44, M3, 0, M1 
 5201, KO, B1, Light phase,29,6, 06:12:44, M4, AFFI, M3 
 5202, KO, B1, Light phase,29,6, 06:12:44, M3, AFFI, M4 
 5203, KO, B1, Light phase,29,6, 06:12:44, M1, AFFI, M4 
 5205, KO, B1, Light phase,29,6, 06:22:44, M4, AFFI, M1 
 5206, KO, B1, Light phase,29,6, 06:22:44, M3, AFFI, M4 
 5207, KO, B1, Light phase,29,6, 06:22:44, M1, AFFI, M4 
 5208, KO, B1, Light phase,29,6, 06:32:44, M2, AFFI, M1 
 5210, KO, B1, Light phase,29,6, 06:32:44, M1, AFFI, M3 
 5211, KO, B1, Light phase,29,6, 06:32:44, M4, AFFI, M1 
 5212, KO, B1, Light phase,29,6, 06:32:44, M3, AFFI, M4 
 5213, KO, B1, Light phase,29,6, 06:42:44, M2, 0, M1 
 5214, KO, B1, Light phase,29,6, 06:43:00, M2, AFFI, M1 
 5215, KO, B1, Light phase,29,6, 06:42:44, M3, AFFI, M1 
 5216, KO, B1, Light phase,29,6, 06:43:00, M3, 0, M1 
 5217, KO, B1, Light phase,29,6, 06:42:44, M4, AFFI, M1 
 5218, KO, B1, Light phase,29,6, 06:42:44, M1, AFFI, M2 
 5220, KO, B1, Light phase,29,6, 06:52:44, M3, AFFI, M4 
 5221, KO, B1, Light phase,29,6, 06:52:44, M4, AFFI, M3 
 5222, KO, B1, Light phase,29,6, 06:52:44, M1, AFFI, M4 
 5223, KO, B1, Light phase,29,7, 07:02:44, M2, 0, M1 
 5225, KO, B1, Light phase,29,7, 07:02:44, M1, 0, M2 
 5226, KO, B1, Light phase,29,7, 07:02:44, M4, AFFI, M1 
 5227, KO, B1, Light phase,29,7, 07:02:44, M3, AFFI, M1 
 5228, KO, B1, Light phase,29,7, 07:12:44, M2, AFFI, M1 
 5229, KO, B1, Light phase,29,7, 07:12:44, M1, AFFI, M2 
 5230, KO, B1, Light phase,29,7, 07:12:44, M4, AFFI, M1 
 5231, KO, B1, Light phase,29,7, 07:12:44, M3, AFFI, M1 
 5233, KO, B1, Light phase,29,7, 07:22:44, M2, AFFI, M4 
 5234, KO, B1, Light phase,29,7, 07:22:44, M1, AFFI, M2 
 5235, KO, B1, Light phase,29,7, 07:22:44, M4, AFFI, M2 
 5236, KO, B1, Light phase,29,7, 07:32:44, M3, AFFI, M1 
 5237, KO, B1, Light phase,29,7, 07:32:44, M2, AFFI, M1 
 5238, KO, B1, Light phase,29,7, 07:32:44, M1, AFFI, M2 
 5239, KO, B1, Light phase,29,7, 07:32:44, M4, AFFI, M1 
 5240, KO, B1, Light phase,29,7, 07:42:44, M3, AFFI, M1 
 5241, KO, B1, Light phase,29,7, 07:42:44, M2, AFFI, M1 
 5242, KO, B1, Light phase,29,7, 07:42:44, M1, AFFI, M2 
 5243, KO, B1, Light phase,29,7, 07:42:44, M4, AFFI, M1 
 5244, KO, B1, Light phase,29,7, 07:52:44, M3, AFFI, M1 
 5245, KO, B1, Light phase,29,7, 07:52:44, M2, AFFI, M1 
 5246, KO, B1, Light phase,29,7, 07:52:44, M1, AFFI, M2 
 5247, KO, B1, Light phase,29,7, 07:52:44, M4, AFFI, M1 
 5248, KO, B1, Light phase,29,8, 08:02:44, M3, AFFI, M1 
 5249, KO, B1, Light phase,29,8, 08:02:44, M2, AFFI, M1 
 5250, KO, B1, Light phase,29,8, 08:02:44, M1, AFFI, M2 
 5251, KO, B1, Light phase,29,8, 08:02:44, M4, AFFI, M1 
 5252, KO, B1, Light phase,29,8, 08:12:44, M3, AFFI, M1 
 5253, KO, B1, Light phase,29,8, 08:12:44, M2, AFFI, M1 
 5254, KO, B1, Light phase,29,8, 08:12:44, M1, AFFI, M2 
 5255, KO, B1, Light phase,29,8, 08:12:44, M4, AFFI, M1 
 5256, KO, B1, Light phase,29,8, 08:22:44, M3, AFFI, M1 
 5257, KO, B1, Light phase,29,8, 08:22:44, M2, AFFI, M1 
 5258, KO, B1, Light phase,29,8, 08:22:44, M1, AFFI, M2 
 5259, KO, B1, Light phase,29,8, 08:22:44, M4, AFFI, M1 
 5260, KO, B1, Light phase,29,8, 08:32:44, M3, AFFI, M1 
 5261, KO, B1, Light phase,29,8, 08:32:44, M2, AFFI, M1 
 5262, KO, B1, Light phase,29,8, 08:32:44, M1, AFFI, M2 
 5263, KO, B1, Light phase,29,8, 08:32:44, M4, AFFI, M1 
 5264, KO, B1, Light phase,29,8, 08:42:44, M3, AFFI, M1 
 5266, KO, B1, Light phase,29,8, 08:42:44, M2, AFFI, M1 
 5267, KO, B1, Light phase,29,8, 08:42:44, M1, AFFI, M2 
 5268, KO, B1, Light phase,29,8, 08:42:44, M4, AFFI, M1 
 5269, KO, B1, Light phase,29,8, 08:52:44, M3, AFFI, M1 
 5270, KO, B1, Light phase,29,8, 08:52:44, M2, AFFI, M1 
 5271, KO, B1, Light phase,29,8, 08:52:44, M1, AFFI, M2 
 5272, KO, B1, Light phase,29,8, 08:52:44, M4, AFFI, M1 
 5273, KO, B1, Light phase,29,9, 09:02:44, M3, 0, M1 
 5274, KO, B1, Light phase,29,9, 09:02:44, M4, 0, M1 
 5275, KO, B1, Light phase,29,9, 09:02:44, M1, AFFI, M2 
 5276, KO, B1, Light phase,29,9, 09:02:44, M2, AFFI, M1 
 5277, KO, B1, Light phase,29,9, 09:12:44, M3, 0, M1 
 5278, KO, B1, Light phase,29,9, 09:12:44, M4, AFFI, M1 
 5279, KO, B1, Light phase,29,9, 09:12:44, M1, AFFI, M2 
 5280, KO, B1, Light phase,29,9, 09:12:44, M2, AFFI, M1 
 5281, KO, B1, Light phase,29,9, 09:22:44, M3, AFFI, M1 
 5282, KO, B1, Light phase,29,9, 09:22:44, M4, AFFI, M1 
 5283, KO, B1, Light phase,29,9, 09:22:44, M1, 0, M2 
 5284, KO, B1, Light phase,29,9, 09:22:44, M2, AFFI, M1 
 5288, KO, B1, Light phase,29,9, 09:32:44, M2, AFFI, M3 
 5289, KO, B1, Light phase,29,9, 09:32:44, M3, AFFI, M2 
 5290, KO, B1, Light phase,29,9, 09:32:44, M4, AFFI, M2 
 5291, KO, B1, Light phase,29,9, 09:42:44, M1, 0, M2 
 5292, KO, B1, Light phase,29,9, 09:42:44, M4, 0, M1 
 5293, KO, B1, Light phase,29,9, 09:42:44, M2, AFFI, M1 
 5294, KO, B1, Light phase,29,9, 09:42:44, M3, AFFI, M1 
 5296, KO, B1, Light phase,29,9, 09:52:45, M4, AFFI, M3 
 5297, KO, B1, Light phase,29,9, 09:52:45, M2, AFFI, M3 
 5298, KO, B1, Light phase,29,9, 09:52:45, M3, AFFI, M2 
 5300, KO, B1, Light phase,29,10, 10:02:54, M1, 0, M2 
 5301, KO, B1, Light phase,29,10, 10:02:54, M4, AFFI, M1 
 5302, KO, B1, Light phase,29,10, 10:02:54, M2, AFFI, M1 
 5303, KO, B1, Light phase,29,10, 10:02:54, M3, AFFI, M1 
 5304, KO, B1, Light phase,29,10, 10:12:45, M1, AFFI, M2 
 5305, KO, B1, Light phase,29,10, 10:12:45, M4, AFFI, M1 
 5306, KO, B1, Light phase,29,10, 10:12:45, M2, AFFI, M1 
 5307, KO, B1, Light phase,29,10, 10:12:45, M3, AFFI, M1 
 5308, KO, B1, Light phase,29,10, 10:22:45, M1, AFFI, M2 
 5309, KO, B1, Light phase,29,10, 10:22:45, M4, AFFI, M1 
 5310, KO, B1, Light phase,29,10, 10:22:45, M2, AFFI, M1 
 5311, KO, B1, Light phase,29,10, 10:22:45, M3, AFFI, M1 
 5312, KO, B1, Light phase,29,10, 10:32:45, M1, AFFI, M2 
 5313, KO, B1, Light phase,29,10, 10:32:45, M4, AFFI, M1 
 5314, KO, B1, Light phase,29,10, 10:32:45, M2, AFFI, M1 
 5315, KO, B1, Light phase,29,10, 10:32:45, M3, AFFI, M1 
 5316, KO, B1, Light phase,29,10, 10:42:45, M1, AFFI, M2 
 5317, KO, B1, Light phase,29,10, 10:42:45, M4, AFFI, M1 
 5318, KO, B1, Light phase,29,10, 10:42:45, M2, AFFI, M1 
 5319, KO, B1, Light phase,29,10, 10:42:45, M3, AFFI, M1 
 5320, KO, B1, Light phase,29,10, 10:52:45, M1, AFFI, M2 
 5321, KO, B1, Light phase,29,10, 10:52:45, M4, AFFI, M1 
 5322, KO, B1, Light phase,29,10, 10:52:45, M2, AFFI, M1 
 5323, KO, B1, Light phase,29,10, 10:52:45, M3, AFFI, M1 
 5324, KO, B1, Light phase,29,11, 11:02:45, M4, 0, M1 
 5325, KO, B1, Light phase,29,11, 11:02:45, M2, AFFI, M1 
 5326, KO, B1, Light phase,29,11, 11:02:45, M3, AFFI, M1 
 5327, KO, B1, Light phase,29,11, 11:02:45, M1, AFFI, M2 
